Tiempo;Objetos;Arquitectura;Efectos;Resolucion
6.53;16000;APU;NA-TR-NA;1280x720
4.22;1000;APU;NA-TR-RE;1440x900
6.13;1000;APU;AA-NA-RE;1280x720
21.75;16000;APU;AA-TR-NA;1440x900
4.47;4000;APU;NA-NA-RE;1280x720
19.76;260000;APU;NA-NA-RE;1280x720
76.95;260000;APU;AA-TR-NA;1440x900
5.93;65000;APU;NA-NA-NA;1280x720
8.43;1000;APU;AA-TR-RE;1440x900
14.02;4000;APU;AA-TR-NA;1920x1080
6.78;1000;APU;AA-TR-NA;1280x720
7.34;1000;APU;AA-TR-NA;1440x900
9.66;4000;APU;AA-NA-NA;1920x1080
8.60;65000;APU;NA-TR-NA;1280x720
16.80;260000;APU;NA-TR-NA;1280x720
7.70;65000;APU;NA-NA-NA;1920x1080
6.88;65000;APU;NA-NA-NA;1440x900
124.75;260000;APU;AA-NA-RE;1920x1080
8.01;65000;APU;NA-NA-NA;1920x1080
10.00;16000;APU;AA-NA-NA;1280x720
4.99;4000;APU;NA-NA-NA;1920x1080
28.53;260000;APU;NA-NA-RE;1920x1080
5.37;4000;APU;NA-TR-NA;1440x900
4.76;16000;APU;NA-NA-NA;1280x720
29.47;65000;APU;NA-TR-RE;1920x1080
28.64;260000;APU;NA-NA-RE;1920x1080
3.67;1000;APU;NA-NA-RE;1280x720
7.61;16000;APU;NA-NA-RE;1440x900
136.74;65000;APU;AA-TR-RE;1920x1080
13.92;4000;APU;AA-TR-NA;1920x1080
19.01;260000;APU;NA-TR-NA;1440x900
124.42;260000;APU;AA-NA-RE;1920x1080
6.22;4000;APU;NA-TR-RE;1440x900
7.32;4000;APU;NA-TR-RE;1920x1080
4.02;1000;APU;NA-NA-RE;1440x900
92.29;260000;APU;AA-TR-NA;1920x1080
11.49;16000;APU;AA-NA-NA;1440x900
3.48;1000;APU;NA-NA-NA;1280x720
8.54;16000;APU;NA-NA-RE;1920x1080
19.19;65000;APU;AA-NA-NA;1440x900
41.84;260000;APU;NA-TR-RE;1280x720
4.27;1000;APU;NA-TR-NA;1440x900
4.18;1000;APU;NA-NA-RE;1920x1080
6.65;1000;APU;AA-NA-NA;1920x1080
15.72;65000;APU;AA-NA-NA;1280x720
16.81;260000;APU;NA-TR-NA;1280x720
23.98;260000;APU;NA-NA-RE;1440x900
15.10;16000;APU;NA-TR-RE;1920x1080
5.03;4000;APU;NA-NA-RE;1440x900
46.95;260000;APU;AA-NA-NA;1440x900
3.74;1000;APU;NA-TR-RE;1280x720
23.44;260000;APU;NA-NA-RE;1440x900
5.20;4000;APU;NA-NA-RE;1440x900
19.55;16000;APU;AA-TR-NA;1280x720
9.00;65000;APU;NA-NA-RE;1280x720
39.30;260000;APU;AA-NA-NA;1280x720
7.51;65000;APU;NA-NA-NA;1920x1080
124.93;260000;APU;AA-NA-RE;1920x1080
84.38;260000;APU;AA-NA-RE;1280x720
10.57;65000;APU;NA-TR-NA;1440x900
7.89;1000;APU;AA-TR-NA;1920x1080
8.70;16000;APU;NA-NA-RE;1920x1080
20.52;4000;APU;AA-TR-RE;1440x900
6.34;65000;APU;NA-NA-NA;1280x720
136.12;65000;APU;AA-TR-RE;1920x1080
4.94;4000;APU;NA-NA-RE;1440x900
5.20;1000;APU;AA-NA-NA;1280x720
6.28;16000;APU;NA-TR-NA;1280x720
6.23;65000;APU;NA-NA-NA;1280x720
18.42;65000;APU;NA-TR-RE;1280x720
29.11;65000;APU;NA-TR-RE;1920x1080
55.05;260000;APU;AA-NA-NA;1920x1080
13.66;16000;APU;AA-NA-NA;1920x1080
6.25;16000;APU;NA-TR-NA;1280x720
33.15;65000;APU;AA-NA-RE;1280x720
26.78;16000;APU;AA-TR-NA;1920x1080
5.97;1000;APU;AA-NA-NA;1440x900
26.20;16000;APU;AA-TR-NA;1920x1080
7.04;65000;APU;NA-NA-NA;1440x900
10.42;4000;APU;AA-NA-RE;1280x720
19.49;16000;APU;AA-NA-RE;1280x720
4.76;4000;APU;NA-TR-NA;1280x720
5.69;16000;APU;NA-NA-NA;1920x1080
6.81;4000;APU;AA-NA-NA;1280x720
16.39;65000;APU;AA-NA-NA;1280x720
76.67;260000;APU;AA-TR-NA;1440x900
7.45;4000;APU;NA-TR-RE;1920x1080
5.77;4000;APU;NA-TR-NA;1920x1080
7.46;16000;APU;NA-NA-RE;1440x900
22.71;16000;APU;AA-TR-NA;1440x900
28.47;260000;APU;NA-NA-RE;1920x1080
13.24;260000;APU;NA-NA-NA;1440x900
29.38;65000;APU;NA-TR-RE;1920x1080
7.34;4000;APU;NA-TR-RE;1920x1080
4.61;4000;APU;NA-NA-NA;1440x900
9.98;16000;APU;AA-NA-NA;1280x720
22.58;260000;APU;NA-TR-NA;1920x1080
4.51;4000;APU;NA-NA-RE;1280x720
13.79;16000;APU;AA-NA-NA;1920x1080
13.34;16000;APU;NA-TR-RE;1440x900
197.45;260000;APU;AA-TR-RE;1280x720
83.30;65000;APU;AA-TR-RE;1280x720
4.23;1000;APU;NA-TR-NA;1920x1080
7.34;1000;APU;AA-TR-RE;1280x720
43.91;65000;APU;AA-TR-NA;1920x1080
7.38;16000;APU;NA-TR-NA;1440x900
4.63;4000;APU;NA-NA-RE;1280x720
20.43;4000;APU;AA-TR-RE;1440x900
47.61;260000;APU;AA-NA-NA;1440x900
19.11;16000;APU;AA-NA-RE;1280x720
7.97;1000;APU;AA-NA-RE;1920x1080
19.01;260000;APU;NA-TR-NA;1440x900
6.89;4000;APU;AA-NA-NA;1280x720
10.50;16000;APU;NA-TR-RE;1280x720
6.02;1000;APU;AA-NA-NA;1440x900
11.20;16000;APU;AA-NA-NA;1440x900
6.96;1000;APU;AA-NA-RE;1440x900
4.10;1000;APU;NA-NA-NA;1440x900
6.59;1000;APU;AA-TR-NA;1280x720
41.83;260000;APU;NA-TR-RE;1280x720
11.25;65000;APU;NA-NA-RE;1440x900
24.74;16000;APU;AA-NA-RE;1440x900
55.79;16000;APU;AA-TR-RE;1440x900
5.12;4000;APU;NA-TR-NA;1440x900
10.38;65000;APU;NA-TR-NA;1440x900
110.71;65000;APU;AA-TR-RE;1440x900
4.26;1000;APU;NA-NA-NA;1920x1080
6.09;16000;APU;NA-NA-RE;1280x720
53.21;260000;APU;NA-TR-RE;1440x900
24.70;16000;APU;AA-NA-RE;1440x900
3.95;4000;APU;NA-NA-NA;1280x720
8.76;65000;APU;NA-TR-NA;1280x720
13.30;260000;APU;NA-NA-NA;1440x900
252.05;260000;APU;AA-TR-RE;1440x900
24.49;65000;APU;NA-TR-RE;1440x900
7.00;1000;APU;AA-NA-RE;1440x900
11.75;260000;APU;NA-NA-NA;1280x720
7.25;1000;APU;AA-TR-NA;1440x900
10.06;65000;APU;NA-TR-NA;1440x900
55.86;16000;APU;AA-TR-RE;1440x900
10.32;65000;APU;NA-TR-NA;1440x900
43.62;65000;APU;AA-NA-RE;1440x900
63.86;260000;APU;NA-TR-RE;1920x1080
7.20;16000;APU;NA-TR-NA;1440x900
84.02;260000;APU;AA-NA-RE;1280x720
249.30;260000;APU;AA-TR-RE;1440x900
11.86;4000;APU;AA-TR-NA;1440x900
16.68;260000;APU;NA-TR-NA;1280x720
8.60;16000;APU;NA-NA-RE;1920x1080
8.53;1000;APU;AA-TR-RE;1440x900
4.60;16000;APU;NA-NA-NA;1280x720
13.82;65000;APU;NA-NA-RE;1920x1080
11.83;260000;APU;NA-NA-NA;1280x720
8.74;65000;APU;NA-TR-NA;1280x720
30.26;65000;APU;AA-TR-NA;1280x720
15.03;4000;APU;AA-NA-RE;1920x1080
5.36;1000;APU;AA-NA-NA;1280x720
7.21;16000;APU;NA-NA-RE;1440x900
6.73;1000;APU;AA-NA-NA;1920x1080
22.35;16000;APU;AA-TR-NA;1440x900
32.92;65000;APU;AA-NA-RE;1280x720
3.74;1000;APU;NA-TR-NA;1280x720
124.67;260000;APU;AA-NA-RE;1920x1080
47.91;260000;APU;AA-NA-NA;1440x900
4.43;1000;APU;NA-TR-NA;1920x1080
9.33;65000;APU;NA-NA-RE;1280x720
8.30;4000;APU;AA-NA-NA;1440x900
30.36;16000;APU;AA-NA-RE;1920x1080
4.23;4000;APU;NA-NA-NA;1280x720
11.89;4000;APU;AA-TR-NA;1440x900
15.20;260000;APU;NA-NA-NA;1920x1080
7.71;65000;APU;NA-NA-NA;1920x1080
16.94;260000;APU;NA-TR-NA;1280x720
36.16;65000;APU;AA-TR-NA;1440x900
77.20;260000;APU;AA-TR-NA;1440x900
3.82;1000;APU;NA-TR-NA;1280x720
92.43;260000;APU;AA-TR-NA;1920x1080
53.11;260000;APU;NA-TR-RE;1440x900
41.74;260000;APU;NA-TR-RE;1280x720
22.23;260000;APU;NA-TR-NA;1920x1080
194.82;260000;APU;AA-TR-RE;1280x720
84.66;260000;APU;AA-NA-RE;1280x720
14.96;4000;APU;AA-NA-RE;1920x1080
3.80;1000;APU;NA-TR-RE;1280x720
19.80;260000;APU;NA-NA-RE;1280x720
22.62;260000;APU;NA-TR-NA;1920x1080
4.35;4000;APU;NA-NA-RE;1280x720
7.21;1000;APU;AA-NA-RE;1440x900
7.43;1000;APU;AA-TR-RE;1280x720
13.66;65000;APU;NA-NA-RE;1920x1080
23.73;65000;APU;NA-TR-RE;1440x900
7.78;65000;APU;NA-NA-NA;1920x1080
19.06;65000;APU;AA-NA-NA;1440x900
3.48;1000;APU;NA-NA-NA;1280x720
30.58;16000;APU;AA-NA-RE;1920x1080
4.14;4000;APU;NA-NA-NA;1280x720
11.44;65000;APU;NA-NA-RE;1440x900
4.49;1000;APU;NA-TR-RE;1920x1080
10.29;4000;APU;AA-TR-NA;1280x720
15.18;260000;APU;NA-NA-NA;1920x1080
15.49;16000;APU;NA-TR-RE;1920x1080
4.99;16000;APU;NA-NA-NA;1440x900
4.69;4000;APU;NA-NA-RE;1440x900
6.99;4000;APU;AA-NA-NA;1280x720
5.97;16000;APU;NA-NA-RE;1280x720
12.06;65000;APU;NA-TR-NA;1920x1080
10.23;65000;APU;NA-TR-NA;1440x900
7.11;1000;APU;AA-TR-NA;1280x720
15.26;260000;APU;NA-NA-NA;1920x1080
6.46;16000;APU;NA-TR-NA;1280x720
3.81;1000;APU;NA-NA-NA;1440x900
8.36;16000;APU;NA-TR-NA;1920x1080
64.61;260000;APU;NA-TR-RE;1920x1080
14.91;4000;APU;AA-NA-RE;1920x1080
12.52;4000;APU;AA-NA-RE;1440x900
6.18;16000;APU;NA-NA-RE;1280x720
10.47;16000;APU;NA-TR-RE;1280x720
5.46;4000;APU;NA-TR-NA;1440x900
82.95;65000;APU;AA-TR-RE;1280x720
43.95;65000;APU;AA-TR-NA;1920x1080
10.46;4000;APU;AA-NA-RE;1280x720
10.80;4000;APU;AA-TR-NA;1280x720
9.28;65000;APU;NA-NA-RE;1280x720
41.88;260000;APU;NA-TR-RE;1280x720
43.57;16000;APU;AA-TR-RE;1280x720
83.59;65000;APU;AA-TR-RE;1280x720
13.91;65000;APU;NA-NA-RE;1920x1080
76.38;260000;APU;AA-TR-NA;1440x900
5.50;4000;APU;NA-NA-RE;1920x1080
4.68;4000;APU;NA-NA-NA;1440x900
9.16;65000;APU;NA-NA-RE;1280x720
5.88;4000;APU;NA-NA-RE;1920x1080
5.71;4000;APU;NA-TR-NA;1920x1080
8.26;16000;APU;NA-TR-NA;1920x1080
5.53;4000;APU;NA-TR-NA;1920x1080
29.34;65000;APU;NA-TR-RE;1920x1080
111.41;65000;APU;AA-TR-RE;1440x900
4.38;4000;APU;NA-NA-NA;1280x720
6.54;1000;APU;AA-TR-NA;1280x720
4.18;1000;APU;NA-TR-RE;1440x900
8.10;1000;APU;AA-NA-RE;1920x1080
9.86;16000;APU;AA-NA-NA;1280x720
16.62;260000;APU;NA-TR-NA;1280x720
6.22;16000;APU;NA-TR-NA;1280x720
83.28;65000;APU;AA-TR-RE;1280x720
55.11;65000;APU;AA-NA-RE;1920x1080
24.63;4000;APU;AA-TR-RE;1920x1080
46.93;260000;APU;AA-NA-NA;1440x900
7.94;1000;APU;AA-TR-NA;1920x1080
13.48;16000;APU;NA-TR-RE;1440x900
5.17;16000;APU;NA-NA-NA;1440x900
5.63;4000;APU;NA-TR-RE;1280x720
18.28;65000;APU;NA-TR-RE;1280x720
6.35;4000;APU;NA-TR-RE;1440x900
24.04;16000;APU;AA-NA-RE;1440x900
11.54;65000;APU;NA-NA-RE;1440x900
3.78;1000;APU;NA-TR-RE;1280x720
9.95;16000;APU;AA-NA-NA;1280x720
12.55;4000;APU;AA-NA-RE;1440x900
6.11;1000;APU;AA-NA-NA;1440x900
33.30;65000;APU;AA-NA-RE;1280x720
12.20;65000;APU;NA-TR-NA;1920x1080
3.50;1000;APU;NA-NA-RE;1280x720
7.28;4000;APU;NA-TR-RE;1920x1080
66.66;260000;APU;AA-TR-NA;1280x720
9.14;65000;APU;NA-TR-NA;1280x720
23.74;260000;APU;NA-NA-RE;1440x900
65.61;16000;APU;AA-TR-RE;1920x1080
3.87;1000;APU;NA-NA-RE;1440x900
18.56;65000;APU;NA-TR-RE;1280x720
15.08;260000;APU;NA-NA-NA;1920x1080
30.10;65000;APU;AA-TR-NA;1280x720
19.82;260000;APU;NA-NA-RE;1280x720
39.93;260000;APU;AA-NA-NA;1280x720
5.95;65000;APU;NA-NA-NA;1280x720
194.91;260000;APU;AA-TR-RE;1280x720
6.72;1000;APU;AA-NA-NA;1920x1080
5.41;4000;APU;NA-TR-NA;1440x900
44.28;16000;APU;AA-TR-RE;1280x720
24.16;65000;APU;NA-TR-RE;1440x900
22.74;65000;APU;AA-NA-NA;1920x1080
8.81;1000;APU;AA-TR-RE;1440x900
4.64;16000;APU;NA-NA-NA;1280x720
12.55;4000;APU;AA-NA-RE;1440x900
22.70;65000;APU;AA-NA-NA;1920x1080
66.94;260000;APU;AA-TR-NA;1280x720
55.09;260000;APU;AA-NA-NA;1920x1080
11.38;16000;APU;AA-NA-NA;1440x900
4.79;4000;APU;NA-NA-NA;1920x1080
3.70;1000;APU;NA-TR-NA;1280x720
19.11;65000;APU;AA-NA-NA;1440x900
22.54;260000;APU;NA-TR-NA;1920x1080
6.41;4000;APU;NA-TR-RE;1440x900
19.95;260000;APU;NA-NA-RE;1280x720
17.25;4000;APU;AA-TR-RE;1280x720
7.96;1000;APU;AA-TR-NA;1920x1080
11.65;65000;APU;NA-TR-NA;1920x1080
66.62;260000;APU;AA-TR-NA;1280x720
10.50;16000;APU;NA-TR-RE;1280x720
6.73;1000;APU;AA-NA-NA;1920x1080
53.04;260000;APU;NA-TR-RE;1440x900
13.85;4000;APU;AA-TR-NA;1920x1080
44.36;65000;APU;AA-TR-NA;1920x1080
11.78;65000;APU;NA-TR-NA;1920x1080
65.94;16000;APU;AA-TR-RE;1920x1080
30.52;16000;APU;AA-NA-RE;1920x1080
15.48;16000;APU;NA-TR-RE;1920x1080
5.88;4000;APU;NA-TR-NA;1920x1080
8.11;4000;APU;AA-NA-NA;1440x900
8.70;1000;APU;AA-TR-RE;1440x900
39.91;260000;APU;AA-NA-NA;1280x720
5.15;1000;APU;AA-NA-NA;1280x720
5.70;16000;APU;NA-NA-NA;1920x1080
4.77;16000;APU;NA-NA-NA;1280x720
26.15;16000;APU;AA-TR-NA;1920x1080
4.18;1000;APU;NA-NA-RE;1920x1080
24.47;16000;APU;AA-NA-RE;1440x900
52.81;260000;APU;NA-TR-RE;1440x900
23.73;65000;APU;NA-TR-RE;1440x900
3.49;1000;APU;NA-NA-NA;1280x720
7.50;1000;APU;AA-TR-RE;1280x720
24.50;16000;APU;AA-NA-RE;1440x900
3.83;1000;APU;NA-TR-RE;1280x720
24.66;4000;APU;AA-TR-RE;1920x1080
8.31;4000;APU;AA-NA-NA;1440x900
12.65;4000;APU;AA-NA-RE;1440x900
250.96;260000;APU;AA-TR-RE;1440x900
11.81;4000;APU;AA-TR-NA;1440x900
4.54;1000;APU;NA-TR-RE;1920x1080
5.45;4000;APU;NA-TR-RE;1280x720
8.65;16000;APU;NA-NA-RE;1920x1080
43.97;65000;APU;AA-TR-NA;1920x1080
100.88;260000;APU;AA-NA-RE;1440x900
43.80;16000;APU;AA-TR-RE;1280x720
30.74;16000;APU;AA-NA-RE;1920x1080
6.67;1000;APU;AA-TR-NA;1280x720
19.07;16000;APU;AA-NA-RE;1280x720
110.33;65000;APU;AA-TR-RE;1440x900
7.75;1000;APU;AA-TR-RE;1280x720
65.51;16000;APU;AA-TR-RE;1920x1080
22.56;65000;APU;AA-NA-NA;1920x1080
7.30;1000;APU;AA-TR-NA;1440x900
36.03;65000;APU;AA-TR-NA;1440x900
23.73;260000;APU;NA-NA-RE;1440x900
7.98;1000;APU;AA-NA-RE;1920x1080
32.76;65000;APU;AA-NA-RE;1280x720
4.13;1000;APU;NA-TR-NA;1920x1080
4.31;1000;APU;NA-NA-RE;1920x1080
28.66;260000;APU;NA-NA-RE;1920x1080
249.54;260000;APU;AA-TR-RE;1440x900
82.88;65000;APU;AA-TR-RE;1280x720
4.01;1000;APU;NA-TR-NA;1440x900
43.93;65000;APU;AA-NA-RE;1440x900
92.52;260000;APU;AA-TR-NA;1920x1080
4.03;1000;APU;NA-TR-NA;1440x900
10.59;4000;APU;AA-NA-RE;1280x720
5.53;1000;APU;AA-NA-NA;1280x720
15.48;16000;APU;NA-TR-RE;1920x1080
24.25;65000;APU;NA-TR-RE;1440x900
6.84;1000;APU;AA-NA-RE;1280x720
101.49;260000;APU;AA-NA-RE;1440x900
3.51;1000;APU;NA-NA-NA;1280x720
4.88;16000;APU;NA-NA-NA;1440x900
47.94;260000;APU;AA-NA-NA;1440x900
4.35;1000;APU;NA-TR-NA;1920x1080
7.40;16000;APU;NA-NA-RE;1440x900
9.62;1000;APU;AA-TR-RE;1920x1080
6.44;4000;APU;NA-TR-RE;1440x900
19.35;260000;APU;NA-TR-NA;1440x900
7.10;65000;APU;NA-NA-NA;1440x900
10.57;4000;APU;AA-NA-RE;1280x720
32.54;65000;APU;AA-NA-RE;1280x720
306.25;260000;APU;AA-TR-RE;1920x1080
13.76;65000;APU;NA-NA-RE;1920x1080
39.83;260000;APU;AA-NA-NA;1280x720
43.99;16000;APU;AA-TR-RE;1280x720
196.81;260000;APU;AA-TR-RE;1280x720
7.35;4000;APU;NA-TR-RE;1920x1080
13.63;16000;APU;NA-TR-RE;1440x900
16.18;65000;APU;AA-NA-NA;1280x720
4.26;1000;APU;NA-TR-NA;1920x1080
5.44;4000;APU;NA-TR-NA;1440x900
14.90;4000;APU;AA-NA-RE;1920x1080
13.87;4000;APU;AA-TR-NA;1920x1080
10.90;4000;APU;AA-TR-NA;1280x720
6.72;1000;APU;AA-NA-RE;1280x720
84.71;260000;APU;AA-NA-RE;1280x720
19.44;16000;APU;AA-NA-RE;1280x720
9.42;4000;APU;AA-NA-NA;1920x1080
19.08;260000;APU;NA-TR-NA;1440x900
55.16;16000;APU;AA-TR-RE;1440x900
4.14;1000;APU;NA-NA-RE;1440x900
9.52;4000;APU;AA-NA-NA;1920x1080
5.67;16000;APU;NA-NA-NA;1920x1080
9.98;16000;APU;AA-NA-NA;1280x720
3.62;1000;APU;NA-NA-RE;1280x720
12.70;4000;APU;AA-NA-RE;1440x900
19.44;16000;APU;AA-TR-NA;1280x720
66.92;260000;APU;AA-TR-NA;1280x720
20.09;260000;APU;NA-NA-RE;1280x720
5.03;4000;APU;NA-NA-RE;1440x900
55.09;65000;APU;AA-NA-RE;1920x1080
4.51;1000;APU;NA-TR-RE;1920x1080
12.28;4000;APU;AA-TR-NA;1440x900
4.23;1000;APU;NA-NA-NA;1920x1080
101.18;260000;APU;AA-NA-RE;1440x900
15.58;16000;APU;NA-TR-RE;1920x1080
28.11;260000;APU;NA-NA-RE;1920x1080
4.00;4000;APU;NA-NA-NA;1280x720
24.31;4000;APU;AA-TR-RE;1920x1080
4.53;4000;APU;NA-NA-RE;1280x720
6.09;16000;APU;NA-NA-RE;1280x720
24.33;4000;APU;AA-TR-RE;1920x1080
30.34;65000;APU;AA-TR-NA;1280x720
13.35;260000;APU;NA-NA-NA;1440x900
5.38;1000;APU;AA-NA-NA;1280x720
5.69;4000;APU;NA-TR-RE;1280x720
3.99;1000;APU;NA-NA-NA;1440x900
124.96;260000;APU;AA-NA-RE;1920x1080
306.85;260000;APU;AA-TR-RE;1920x1080
3.41;1000;APU;NA-NA-NA;1280x720
20.26;4000;APU;AA-TR-RE;1440x900
5.62;4000;APU;NA-NA-RE;1920x1080
6.01;1000;APU;AA-NA-NA;1440x900
5.23;4000;APU;NA-TR-RE;1280x720
18.67;16000;APU;AA-NA-RE;1280x720
8.23;4000;APU;AA-NA-NA;1440x900
135.59;65000;APU;AA-TR-RE;1920x1080
305.31;260000;APU;AA-TR-RE;1920x1080
11.26;65000;APU;NA-NA-RE;1440x900
17.16;4000;APU;AA-TR-RE;1280x720
19.38;65000;APU;AA-NA-NA;1440x900
17.15;4000;APU;AA-TR-RE;1280x720
3.86;1000;APU;NA-NA-NA;1440x900
22.73;16000;APU;AA-TR-NA;1440x900
36.44;65000;APU;AA-TR-NA;1440x900
6.32;1000;APU;AA-NA-RE;1280x720
5.15;16000;APU;NA-NA-NA;1440x900
64.30;260000;APU;NA-TR-RE;1920x1080
9.60;1000;APU;AA-TR-RE;1920x1080
110.86;65000;APU;AA-TR-RE;1440x900
101.55;260000;APU;AA-NA-RE;1440x900
5.22;4000;APU;NA-TR-RE;1280x720
42.28;260000;APU;NA-TR-RE;1280x720
9.55;1000;APU;AA-TR-RE;1920x1080
8.35;4000;APU;AA-NA-NA;1440x900
8.55;1000;APU;AA-TR-RE;1440x900
101.47;260000;APU;AA-NA-RE;1440x900
4.23;1000;APU;NA-TR-RE;1440x900
18.48;65000;APU;NA-TR-RE;1280x720
56.53;16000;APU;AA-TR-RE;1440x900
7.43;4000;APU;AA-NA-NA;1280x720
137.18;65000;APU;AA-TR-RE;1920x1080
11.92;4000;APU;AA-TR-NA;1440x900
54.90;260000;APU;AA-NA-NA;1920x1080
4.09;1000;APU;NA-TR-RE;1440x900
9.59;1000;APU;AA-TR-RE;1920x1080
10.57;4000;APU;AA-TR-NA;1280x720
9.50;4000;APU;AA-NA-NA;1920x1080
36.11;65000;APU;AA-TR-NA;1440x900
10.56;16000;APU;NA-TR-RE;1280x720
3.91;1000;APU;NA-NA-RE;1440x900
18.47;65000;APU;NA-TR-RE;1280x720
21.18;4000;APU;AA-TR-RE;1440x900
11.28;16000;APU;AA-NA-NA;1440x900
65.58;16000;APU;AA-TR-RE;1920x1080
13.25;260000;APU;NA-NA-NA;1440x900
19.15;16000;APU;AA-TR-NA;1280x720
44.05;65000;APU;AA-NA-RE;1440x900
7.24;1000;APU;AA-NA-RE;1440x900
7.41;16000;APU;NA-NA-RE;1440x900
110.25;65000;APU;AA-TR-RE;1440x900
44.01;65000;APU;AA-NA-RE;1440x900
3.70;1000;APU;NA-TR-NA;1280x720
77.65;260000;APU;AA-TR-NA;1440x900
43.92;65000;APU;AA-NA-RE;1440x900
8.77;16000;APU;NA-NA-RE;1920x1080
11.81;260000;APU;NA-NA-NA;1280x720
13.95;16000;APU;AA-NA-NA;1920x1080
36.90;65000;APU;AA-TR-NA;1440x900
53.28;260000;APU;NA-TR-RE;1440x900
7.56;65000;APU;NA-NA-NA;1440x900
40.22;260000;APU;AA-NA-NA;1280x720
24.11;260000;APU;NA-NA-RE;1440x900
10.74;16000;APU;NA-TR-RE;1280x720
4.89;4000;APU;NA-NA-NA;1920x1080
16.15;65000;APU;AA-NA-NA;1280x720
92.63;260000;APU;AA-TR-NA;1920x1080
13.89;16000;APU;AA-NA-NA;1920x1080
5.56;4000;APU;NA-TR-NA;1920x1080
5.86;16000;APU;NA-NA-NA;1920x1080
22.98;65000;APU;AA-NA-NA;1920x1080
30.31;65000;APU;AA-TR-NA;1280x720
17.52;4000;APU;AA-TR-RE;1280x720
4.63;4000;APU;NA-NA-NA;1440x900
7.19;1000;APU;AA-NA-RE;1440x900
3.53;1000;APU;NA-NA-RE;1280x720
26.31;16000;APU;AA-TR-NA;1920x1080
4.09;1000;APU;NA-NA-NA;1920x1080
19.88;16000;APU;AA-TR-NA;1280x720
9.62;4000;APU;AA-NA-NA;1920x1080
55.61;65000;APU;AA-NA-RE;1920x1080
4.40;4000;APU;NA-TR-NA;1280x720
6.29;65000;APU;NA-NA-NA;1280x720
82.76;260000;APU;AA-NA-RE;1280x720
5.06;4000;APU;NA-NA-NA;1920x1080
13.59;16000;APU;NA-TR-RE;1440x900
4.24;4000;APU;NA-NA-NA;1440x900
13.26;260000;APU;NA-NA-NA;1440x900
7.81;1000;APU;AA-TR-RE;1280x720
65.00;260000;APU;NA-TR-RE;1920x1080
4.44;1000;APU;NA-TR-RE;1920x1080
4.15;1000;APU;NA-NA-NA;1920x1080
23.28;16000;APU;AA-TR-NA;1440x900
7.97;1000;APU;AA-NA-RE;1920x1080
4.53;1000;APU;NA-TR-RE;1920x1080
3.58;1000;APU;NA-NA-RE;1280x720
4.27;1000;APU;NA-TR-NA;1440x900
8.23;16000;APU;NA-TR-NA;1920x1080
14.00;4000;APU;AA-TR-NA;1920x1080
7.38;1000;APU;AA-TR-NA;1440x900
7.97;16000;APU;NA-TR-NA;1920x1080
9.28;65000;APU;NA-NA-RE;1280x720
65.93;16000;APU;AA-TR-RE;1920x1080
3.86;1000;APU;NA-NA-NA;1440x900
4.25;1000;APU;NA-TR-RE;1440x900
5.96;1000;APU;AA-NA-NA;1440x900
3.86;1000;APU;NA-TR-RE;1280x720
7.12;16000;APU;NA-TR-NA;1440x900
24.72;4000;APU;AA-TR-RE;1920x1080
19.97;4000;APU;AA-TR-RE;1440x900
11.02;4000;APU;AA-TR-NA;1280x720
4.37;4000;APU;NA-NA-NA;1440x900
7.91;1000;APU;AA-TR-NA;1920x1080
3.75;1000;APU;NA-TR-NA;1280x720
196.10;260000;APU;AA-TR-RE;1280x720
15.48;65000;APU;AA-NA-NA;1280x720
26.50;16000;APU;AA-TR-NA;1920x1080
6.40;4000;APU;NA-TR-RE;1440x900
92.67;260000;APU;AA-TR-NA;1920x1080
29.99;65000;APU;AA-TR-NA;1280x720
13.14;16000;APU;NA-TR-RE;1440x900
8.18;16000;APU;NA-TR-NA;1920x1080
44.13;65000;APU;AA-TR-NA;1920x1080
29.67;65000;APU;NA-TR-RE;1920x1080
307.32;260000;APU;AA-TR-RE;1920x1080
6.64;1000;APU;AA-NA-RE;1280x720
8.04;1000;APU;AA-TR-NA;1920x1080
135.85;65000;APU;AA-TR-RE;1920x1080
56.13;16000;APU;AA-TR-RE;1440x900
250.18;260000;APU;AA-TR-RE;1440x900
4.64;4000;APU;NA-TR-NA;1280x720
55.40;65000;APU;AA-NA-RE;1920x1080
4.61;4000;APU;NA-NA-NA;1920x1080
19.27;65000;APU;AA-NA-NA;1440x900
7.41;16000;APU;NA-TR-NA;1440x900
13.52;16000;APU;AA-NA-NA;1920x1080
30.58;16000;APU;AA-NA-RE;1920x1080
4.40;1000;APU;NA-NA-RE;1920x1080
4.66;16000;APU;NA-NA-NA;1280x720
6.75;1000;APU;AA-NA-NA;1920x1080
19.25;260000;APU;NA-TR-NA;1440x900
309.37;260000;APU;AA-TR-RE;1920x1080
14.98;4000;APU;AA-NA-RE;1920x1080
11.11;65000;APU;NA-NA-RE;1440x900
67.15;260000;APU;AA-TR-NA;1280x720
7.54;16000;APU;NA-TR-NA;1440x900
14.98;260000;APU;NA-NA-NA;1920x1080
4.02;1000;APU;NA-NA-RE;1440x900
54.64;260000;APU;AA-NA-NA;1920x1080
5.57;4000;APU;NA-NA-RE;1920x1080
5.53;4000;APU;NA-NA-RE;1920x1080
5.34;16000;APU;NA-NA-NA;1440x900
43.46;16000;APU;AA-TR-RE;1280x720
13.51;65000;APU;NA-NA-RE;1920x1080
4.68;4000;APU;NA-TR-NA;1280x720
22.46;65000;APU;AA-NA-NA;1920x1080
10.58;4000;APU;AA-NA-RE;1280x720
9.52;1000;APU;AA-TR-RE;1920x1080
7.30;1000;APU;AA-TR-NA;1440x900
55.06;260000;APU;AA-NA-NA;1920x1080
6.28;16000;APU;NA-NA-RE;1280x720
11.43;260000;APU;NA-NA-NA;1280x720
5.92;16000;APU;NA-NA-NA;1920x1080
4.10;1000;APU;NA-NA-NA;1920x1080
55.41;65000;APU;AA-NA-RE;1920x1080
4.12;1000;APU;NA-NA-RE;1920x1080
17.10;4000;APU;AA-TR-RE;1280x720
7.19;65000;APU;NA-NA-NA;1440x900
12.00;65000;APU;NA-TR-NA;1920x1080
8.08;1000;APU;AA-NA-RE;1920x1080
3.87;1000;APU;NA-TR-NA;1440x900
19.97;16000;APU;AA-TR-NA;1280x720
22.35;260000;APU;NA-TR-NA;1920x1080
11.99;260000;APU;NA-NA-NA;1280x720
9.21;65000;APU;NA-TR-NA;1280x720
11.39;16000;APU;AA-NA-NA;1440x900
6.97;4000;APU;AA-NA-NA;1280x720
65.41;260000;APU;NA-TR-RE;1920x1080
4.62;4000;APU;NA-TR-NA;1280x720
32.38;4000;GPU;AA-NA-NA;1280x720
20.18;65000;GPU;NA-TR-NA;1280x720
4.54;1000;GPU;AA-NA-RE;1280x720
55.41;260000;CPU;NA-NA-NA;1920x1080
1.78;4000;GPU;NA-NA-NA;1280x720
7.72;4000;CPU;NA-NA-RE;1440x900
17.55;4000;GPU;AA-TR-NA;1440x900
5.02;1000;CPU;NA-NA-NA;1920x1080
15.20;1000;CPU;AA-NA-NA;1280x720
3.99;1000;CPU;NA-NA-NA;1440x900
634.05;260000;CPU;AA-TR-RE;1920x1080
28.98;1000;CPU;AA-TR-RE;1920x1080
32.58;4000;CPU;AA-NA-NA;1440x900
5.57;1000;CPU;NA-TR-NA;1920x1080
28.05;65000;GPU;NA-TR-NA;1920x1080
3.09;1000;CPU;NA-NA-NA;1280x720
38.40;4000;CPU;AA-NA-RE;1440x900
103.84;260000;GPU;NA-NA-RE;1920x1080
1.62;1000;GPU;NA-TR-NA;1920x1080
49.29;65000;GPU;AA-NA-NA;1280x720
10.12;16000;CPU;NA-NA-NA;1440x900
253.77;260000;CPU;AA-TR-NA;1280x720
22.64;1000;CPU;AA-TR-NA;1440x900
3.94;1000;CPU;NA-TR-RE;1280x720
4.93;4000;CPU;NA-NA-NA;1280x720
65.62;16000;CPU;AA-TR-NA;1280x720
226.79;260000;CPU;AA-NA-NA;1440x900
8.95;4000;CPU;NA-TR-NA;1440x900
8.75;16000;GPU;NA-TR-NA;1280x720
3.13;4000;GPU;NA-TR-NA;1280x720
457.43;65000;GPU;AA-TR-RE;1920x1080
52.11;16000;CPU;AA-NA-RE;1280x720
253.98;260000;CPU;AA-TR-NA;1280x720
258.96;260000;GPU;AA-NA-NA;1920x1080
8.26;4000;CPU;NA-NA-NA;1920x1080
239.25;260000;CPU;AA-NA-RE;1280x720
230.44;260000;GPU;AA-NA-NA;1440x900
77.41;260000;CPU;NA-TR-NA;1920x1080
94.03;65000;CPU;AA-NA-RE;1280x720
3.63;16000;GPU;NA-NA-NA;1280x720
633.64;260000;CPU;AA-TR-RE;1920x1080
4.38;4000;GPU;NA-NA-RE;1920x1080
7.66;1000;GPU;AA-TR-RE;1440x900
71.10;16000;CPU;AA-NA-RE;1440x900
120.93;65000;GPU;AA-TR-NA;1440x900
1.54;1000;GPU;NA-TR-RE;1280x720
8.20;4000;CPU;NA-TR-RE;1280x720
18.11;1000;CPU;AA-TR-NA;1280x720
37.42;16000;CPU;AA-NA-NA;1280x720
19.51;1000;CPU;AA-NA-NA;1440x900
24.39;4000;CPU;AA-NA-NA;1280x720
1.59;1000;GPU;NA-NA-RE;1920x1080
234.59;65000;CPU;AA-TR-RE;1440x900
64.79;16000;GPU;AA-NA-RE;1920x1080
59.74;65000;GPU;AA-NA-NA;1440x900
315.00;260000;CPU;AA-TR-NA;1440x900
81.57;260000;CPU;NA-TR-RE;1280x720
3.80;4000;GPU;NA-TR-NA;1440x900
19.10;65000;CPU;NA-NA-RE;1280x720
19.48;1000;CPU;AA-NA-NA;1440x900
21.47;65000;CPU;NA-TR-NA;1280x720
3.68;1000;CPU;NA-TR-NA;1280x720
53.21;4000;CPU;AA-TR-RE;1440x900
253.62;260000;CPU;AA-TR-NA;1280x720
40.09;260000;GPU;NA-NA-NA;1280x720
13.16;16000;CPU;NA-NA-NA;1920x1080
18.24;16000;CPU;NA-NA-RE;1920x1080
4.90;1000;CPU;NA-NA-NA;1920x1080
381.93;260000;CPU;AA-TR-NA;1920x1080
3.81;4000;GPU;NA-TR-NA;1440x900
85.56;260000;GPU;NA-TR-NA;1920x1080
226.57;260000;CPU;AA-NA-NA;1440x900
77.49;260000;CPU;NA-TR-NA;1920x1080
24.46;16000;GPU;AA-NA-NA;1920x1080
56.42;16000;GPU;AA-TR-NA;1920x1080
322.41;260000;GPU;AA-TR-NA;1280x720
3.66;1000;CPU;NA-TR-NA;1280x720
376.89;65000;GPU;AA-TR-RE;1440x900
321.98;260000;GPU;AA-TR-NA;1280x720
5.90;1000;CPU;NA-TR-RE;1920x1080
103.99;260000;CPU;NA-TR-RE;1440x900
22.42;16000;GPU;NA-TR-RE;1280x720
5.23;1000;CPU;NA-NA-RE;1920x1080
17.53;4000;GPU;AA-TR-NA;1440x900
21.02;16000;CPU;NA-TR-NA;1920x1080
21.49;65000;CPU;NA-TR-NA;1280x720
28.64;4000;CPU;AA-NA-RE;1280x720
76.50;65000;GPU;NA-TR-RE;1440x900
21.40;65000;CPU;NA-TR-NA;1280x720
37.56;260000;CPU;NA-NA-NA;1280x720
6.62;1000;GPU;AA-TR-NA;1920x1080
4.60;1000;GPU;AA-NA-NA;1920x1080
633.73;260000;CPU;AA-TR-RE;1920x1080
137.87;65000;GPU;AA-TR-NA;1920x1080
3.96;1000;CPU;NA-TR-RE;1280x720
3.60;16000;GPU;NA-NA-NA;1280x720
4.13;1000;GPU;AA-NA-NA;1440x900
2.16;4000;GPU;NA-NA-NA;1440x900
172.41;65000;CPU;AA-TR-NA;1920x1080
49.03;260000;CPU;NA-NA-RE;1280x720
366.33;260000;CPU;AA-NA-RE;1920x1080
27.95;65000;GPU;NA-NA-RE;1440x900
126.93;65000;CPU;AA-NA-RE;1440x900
12.48;65000;GPU;NA-NA-NA;1440x900
19.52;1000;CPU;AA-TR-RE;1280x720
20.56;16000;GPU;AA-NA-NA;1440x900
24.53;65000;GPU;NA-TR-NA;1440x900
5.58;1000;CPU;NA-TR-NA;1920x1080
16.34;1000;CPU;AA-NA-RE;1280x720
99.31;16000;CPU;AA-TR-RE;1280x720
15.21;1000;CPU;AA-NA-NA;1280x720
51.92;260000;CPU;NA-TR-NA;1280x720
64.08;4000;CPU;AA-TR-RE;1920x1080
23.19;65000;CPU;NA-NA-NA;1920x1080
27.80;65000;CPU;NA-TR-NA;1440x900
61.74;260000;CPU;NA-NA-RE;1440x900
20.79;1000;CPU;AA-NA-RE;1440x900
1.23;1000;GPU;NA-NA-RE;1280x720
10.23;16000;GPU;NA-TR-NA;1440x900
25.43;1000;CPU;AA-NA-RE;1920x1080
258.93;260000;GPU;AA-NA-NA;1920x1080
1.21;1000;GPU;NA-NA-NA;1920x1080
7.70;1000;GPU;AA-TR-RE;1440x900
84.62;16000;CPU;AA-TR-NA;1440x900
35.60;4000;GPU;AA-TR-RE;1920x1080
226.76;260000;CPU;AA-NA-NA;1440x900
22.63;1000;CPU;AA-TR-NA;1440x900
28.60;4000;CPU;AA-NA-RE;1280x720
1.41;1000;GPU;NA-NA-RE;1440x900
26.17;16000;CPU;NA-TR-RE;1440x900
19.51;1000;CPU;AA-NA-NA;1440x900
14.35;16000;CPU;NA-NA-RE;1440x900
402.02;260000;CPU;AA-TR-RE;1280x720
77.53;260000;CPU;NA-TR-NA;1920x1080
1.90;1000;GPU;NA-TR-RE;1440x900
4.63;1000;CPU;NA-TR-NA;1440x900
19.52;1000;CPU;AA-NA-NA;1440x900
27.81;65000;CPU;NA-TR-NA;1440x900
24.12;1000;CPU;AA-TR-RE;1440x900
109.99;16000;GPU;AA-TR-RE;1280x720
22.35;16000;GPU;NA-TR-RE;1280x720
456.78;65000;GPU;AA-TR-RE;1920x1080
105.52;65000;CPU;AA-TR-NA;1280x720
239.26;260000;CPU;AA-NA-RE;1280x720
5.80;4000;CPU;NA-NA-RE;1280x720
137.20;65000;CPU;AA-TR-NA;1440x900
16.29;16000;GPU;AA-NA-NA;1280x720
27.95;65000;GPU;NA-NA-RE;1440x900
126.99;65000;CPU;AA-NA-RE;1440x900
53.79;4000;CPU;AA-TR-NA;1920x1080
35.49;4000;GPU;AA-TR-RE;1920x1080
3.43;1000;GPU;AA-NA-NA;1280x720
4.26;1000;CPU;NA-NA-RE;1440x900
32.71;65000;CPU;NA-NA-RE;1920x1080
5.35;16000;GPU;NA-NA-NA;1920x1080
7.70;1000;GPU;AA-TR-RE;1440x900
74.39;260000;CPU;NA-NA-RE;1920x1080
23.12;65000;CPU;NA-NA-NA;1920x1080
21.33;65000;GPU;NA-NA-RE;1280x720
34.93;65000;CPU;NA-TR-RE;1280x720
1052.99;260000;GPU;AA-TR-RE;1440x900
22.32;16000;GPU;NA-TR-RE;1280x720
50.22;16000;GPU;AA-TR-NA;1440x900
40.57;4000;CPU;AA-TR-RE;1280x720
28.71;16000;GPU;NA-TR-RE;1440x900
170.04;260000;GPU;NA-TR-RE;1280x720
1052.28;260000;GPU;AA-TR-RE;1440x900
509.86;260000;GPU;AA-NA-RE;1920x1080
14.65;4000;GPU;AA-TR-NA;1280x720
302.49;260000;CPU;AA-NA-RE;1440x900
1.82;4000;GPU;NA-NA-NA;1280x720
137.96;65000;GPU;AA-TR-NA;1920x1080
113.93;65000;CPU;AA-NA-NA;1920x1080
5.26;1000;GPU;AA-TR-NA;1280x720
172.59;65000;CPU;AA-TR-NA;1920x1080
226.88;260000;CPU;AA-NA-NA;1440x900
99.36;16000;CPU;AA-TR-RE;1280x720
47.32;65000;CPU;NA-TR-RE;1440x900
1265.52;260000;GPU;AA-TR-RE;1920x1080
98.90;65000;GPU;AA-TR-NA;1280x720
18.06;1000;CPU;AA-TR-NA;1280x720
50.30;16000;GPU;AA-TR-NA;1440x900
10.29;65000;GPU;NA-NA-NA;1280x720
4.20;1000;CPU;NA-NA-RE;1440x900
4.41;4000;GPU;NA-NA-RE;1920x1080
2.52;4000;GPU;NA-NA-NA;1920x1080
16.27;16000;GPU;AA-NA-NA;1280x720
90.12;16000;CPU;AA-NA-RE;1920x1080
53.78;4000;CPU;AA-TR-NA;1920x1080
13.54;4000;GPU;AA-NA-RE;1280x720
12.97;4000;CPU;NA-TR-RE;1920x1080
168.04;65000;GPU;AA-NA-RE;1920x1080
6.61;4000;CPU;NA-NA-NA;1440x900
24.08;1000;CPU;AA-TR-RE;1440x900
3.70;1000;CPU;NA-TR-NA;1280x720
13.46;16000;GPU;NA-NA-RE;1920x1080
57.68;65000;GPU;NA-TR-RE;1280x720
89.89;65000;CPU;AA-NA-NA;1440x900
159.39;16000;GPU;AA-TR-RE;1920x1080
1.58;1000;GPU;NA-TR-RE;1280x720
314.70;260000;CPU;AA-TR-NA;1440x900
838.04;260000;GPU;AA-TR-RE;1280x720
89.85;65000;CPU;AA-NA-NA;1440x900
94.06;65000;CPU;AA-NA-RE;1280x720
5.53;1000;GPU;AA-NA-RE;1440x900
69.56;65000;CPU;AA-NA-NA;1280x720
8.54;16000;GPU;NA-NA-RE;1280x720
2.88;4000;GPU;NA-NA-RE;1280x720
1052.57;260000;GPU;AA-TR-RE;1440x900
20.18;65000;GPU;NA-TR-NA;1280x720
26.42;4000;GPU;AA-TR-RE;1280x720
4.60;1000;GPU;AA-NA-NA;1920x1080
3.42;1000;GPU;AA-NA-NA;1280x720
41.02;16000;GPU;AA-NA-RE;1280x720
272.69;260000;CPU;AA-NA-NA;1920x1080
17.53;4000;GPU;AA-NA-RE;1440x900
127.90;260000;CPU;NA-TR-RE;1920x1080
161.64;65000;CPU;AA-NA-RE;1920x1080
22.63;1000;CPU;AA-TR-NA;1440x900
68.75;65000;GPU;AA-NA-NA;1920x1080
515.12;260000;CPU;AA-TR-RE;1440x900
322.71;260000;GPU;AA-TR-NA;1280x720
63.92;260000;CPU;NA-TR-NA;1440x900
20.97;16000;CPU;NA-TR-NA;1920x1080
53.83;4000;CPU;AA-TR-NA;1920x1080
4.50;16000;GPU;NA-NA-NA;1440x900
173.41;65000;CPU;AA-TR-RE;1280x720
182.07;260000;CPU;AA-NA-NA;1280x720
24.65;65000;GPU;NA-TR-NA;1440x900
14.67;4000;GPU;AA-TR-NA;1280x720
25.69;65000;CPU;NA-NA-RE;1440x900
44.28;4000;CPU;AA-TR-NA;1440x900
74.45;260000;CPU;NA-NA-RE;1920x1080
22.65;1000;CPU;AA-TR-NA;1440x900
1.71;1000;GPU;NA-TR-NA;1920x1080
1.41;1000;GPU;NA-TR-NA;1440x900
14.23;65000;CPU;NA-NA-NA;1280x720
10.76;4000;CPU;NA-TR-RE;1440x900
352.05;260000;GPU;AA-NA-RE;1280x720
6.68;1000;GPU;AA-TR-RE;1280x720
61.46;260000;CPU;NA-NA-RE;1440x900
1.22;1000;GPU;NA-NA-NA;1440x900
16.32;16000;GPU;AA-NA-NA;1280x720
7.67;1000;GPU;AA-TR-RE;1440x900
126.94;65000;CPU;AA-NA-RE;1440x900
156.03;16000;CPU;AA-TR-RE;1920x1080
3.02;4000;GPU;NA-NA-RE;1280x720
137.04;65000;GPU;AA-NA-RE;1440x900
421.07;260000;GPU;AA-TR-NA;1920x1080
6.66;1000;GPU;AA-TR-RE;1280x720
9.43;4000;GPU;AA-NA-NA;1440x900
89.79;65000;CPU;AA-NA-NA;1440x900
113.97;65000;CPU;AA-NA-NA;1920x1080
70.98;16000;CPU;AA-NA-RE;1440x900
137.32;65000;CPU;AA-TR-NA;1440x900
1.44;1000;GPU;NA-NA-RE;1440x900
14.19;65000;GPU;NA-NA-NA;1920x1080
5.94;1000;GPU;AA-NA-RE;1920x1080
10.31;65000;GPU;NA-NA-NA;1280x720
47.34;260000;GPU;NA-NA-NA;1440x900
75.46;260000;GPU;NA-TR-NA;1440x900
18.09;16000;CPU;NA-NA-RE;1920x1080
40.69;4000;CPU;AA-TR-RE;1280x720
7.54;4000;GPU;NA-TR-RE;1920x1080
103.57;260000;GPU;NA-NA-RE;1920x1080
4.54;1000;GPU;AA-NA-RE;1280x720
23.87;1000;CPU;AA-NA-NA;1920x1080
19.60;4000;GPU;AA-TR-NA;1920x1080
402.24;260000;CPU;AA-TR-RE;1280x720
11.06;4000;GPU;AA-NA-NA;1920x1080
10.14;16000;CPU;NA-NA-NA;1440x900
35.62;4000;GPU;AA-TR-RE;1920x1080
4.09;1000;GPU;AA-NA-NA;1440x900
20.81;1000;CPU;AA-NA-RE;1440x900
57.81;65000;GPU;NA-TR-RE;1280x720
4.92;1000;CPU;NA-TR-RE;1440x900
37.46;260000;CPU;NA-NA-NA;1280x720
182.01;260000;CPU;AA-NA-NA;1280x720
8.94;4000;CPU;NA-TR-NA;1440x900
13.26;16000;CPU;NA-TR-NA;1280x720
295.12;65000;CPU;AA-TR-RE;1920x1080
21.48;65000;CPU;NA-TR-NA;1280x720
28.98;1000;CPU;AA-TR-RE;1920x1080
6.79;1000;GPU;AA-TR-RE;1280x720
19.82;4000;GPU;AA-NA-RE;1920x1080
40.03;260000;GPU;NA-NA-NA;1280x720
65.51;16000;CPU;AA-TR-NA;1280x720
3.32;1000;CPU;NA-NA-RE;1280x720
6.85;4000;CPU;NA-TR-NA;1280x720
127.99;260000;CPU;NA-TR-RE;1920x1080
128.00;260000;CPU;NA-TR-RE;1920x1080
32.72;65000;CPU;NA-NA-RE;1920x1080
137.22;65000;CPU;AA-TR-NA;1440x900
173.41;65000;CPU;AA-TR-RE;1280x720
7.51;4000;GPU;AA-NA-NA;1280x720
33.80;4000;CPU;AA-TR-NA;1280x720
4.33;4000;GPU;NA-TR-NA;1920x1080
421.73;260000;GPU;AA-TR-NA;1920x1080
18.99;65000;CPU;NA-NA-RE;1280x720
71.83;260000;GPU;NA-NA-RE;1280x720
3.76;4000;GPU;NA-NA-RE;1440x900
272.66;260000;CPU;AA-NA-NA;1920x1080
3.51;1000;GPU;AA-NA-NA;1280x720
3.73;4000;GPU;NA-NA-RE;1440x900
34.93;65000;CPU;NA-TR-RE;1280x720
23.15;65000;CPU;NA-NA-NA;1920x1080
104.09;16000;CPU;AA-TR-NA;1920x1080
438.90;260000;GPU;AA-NA-RE;1440x900
12.85;4000;CPU;NA-TR-RE;1920x1080
2.09;1000;GPU;NA-TR-RE;1920x1080
4.20;1000;CPU;NA-NA-RE;1440x900
49.34;65000;GPU;AA-NA-NA;1280x720
0.88;1000;GPU;NA-NA-NA;1280x720
14.11;65000;CPU;NA-NA-NA;1280x720
20.29;65000;GPU;NA-TR-NA;1280x720
64.80;16000;GPU;AA-NA-RE;1920x1080
53.08;260000;GPU;NA-NA-NA;1920x1080
70.91;16000;CPU;AA-NA-RE;1440x900
7.79;4000;CPU;NA-NA-RE;1440x900
1.88;1000;GPU;NA-TR-RE;1440x900
32.62;4000;CPU;AA-NA-NA;1440x900
634.35;260000;CPU;AA-TR-RE;1920x1080
32.35;16000;GPU;NA-TR-RE;1920x1080
18.32;65000;CPU;NA-NA-NA;1440x900
8.92;4000;CPU;NA-TR-NA;1440x900
6.63;4000;CPU;NA-NA-NA;1440x900
11.73;16000;GPU;NA-TR-NA;1920x1080
1.49;1000;GPU;NA-NA-RE;1920x1080
24.35;4000;CPU;AA-NA-NA;1280x720
2.25;4000;GPU;NA-NA-NA;1440x900
34.87;65000;CPU;NA-TR-NA;1920x1080
2.26;4000;GPU;NA-NA-NA;1440x900
47.26;65000;CPU;NA-TR-RE;1440x900
156.25;16000;CPU;AA-TR-RE;1920x1080
94.05;65000;CPU;AA-NA-RE;1280x720
234.49;65000;CPU;AA-TR-RE;1440x900
26.48;4000;GPU;AA-TR-RE;1280x720
6.83;4000;CPU;NA-TR-NA;1280x720
213.42;260000;GPU;NA-TR-RE;1440x900
19.87;4000;GPU;AA-NA-RE;1920x1080
137.04;65000;CPU;AA-TR-NA;1440x900
15.25;1000;CPU;AA-NA-NA;1280x720
89.25;260000;GPU;NA-NA-RE;1440x900
31.97;4000;GPU;AA-TR-RE;1440x900
34.79;65000;CPU;NA-TR-RE;1280x720
64.07;4000;CPU;AA-TR-RE;1920x1080
1.90;1000;GPU;NA-TR-RE;1440x900
69.48;65000;CPU;AA-NA-NA;1280x720
4.22;1000;GPU;AA-NA-NA;1440x900
193.25;260000;GPU;AA-NA-NA;1280x720
12.37;65000;GPU;NA-NA-NA;1440x900
1.25;1000;GPU;NA-NA-NA;1920x1080
5.15;1000;CPU;NA-NA-RE;1920x1080
24.04;1000;CPU;AA-TR-RE;1440x900
64.08;4000;CPU;AA-TR-RE;1920x1080
8.28;4000;CPU;NA-NA-NA;1920x1080
28.75;16000;GPU;NA-TR-RE;1440x900
47.65;4000;CPU;AA-NA-RE;1920x1080
376.84;65000;GPU;AA-TR-RE;1440x900
33.65;4000;CPU;AA-TR-NA;1280x720
98.97;65000;GPU;AA-TR-NA;1280x720
65.75;260000;GPU;NA-TR-NA;1280x720
49.95;16000;CPU;AA-NA-NA;1440x900
1.89;1000;GPU;NA-TR-RE;1440x900
284.57;65000;GPU;AA-TR-RE;1280x720
7.39;4000;GPU;NA-TR-RE;1920x1080
89.21;260000;GPU;NA-NA-RE;1440x900
14.13;65000;CPU;NA-NA-NA;1280x720
10.08;16000;CPU;NA-NA-NA;1440x900
103.67;260000;GPU;NA-NA-RE;1920x1080
376.41;65000;GPU;AA-TR-RE;1440x900
837.53;260000;GPU;AA-TR-RE;1280x720
5.75;4000;CPU;NA-NA-RE;1280x720
1.39;1000;GPU;NA-TR-NA;1280x720
35.48;4000;GPU;AA-TR-RE;1920x1080
103.38;65000;GPU;AA-NA-RE;1280x720
39.93;260000;GPU;NA-NA-NA;1280x720
10.83;4000;CPU;NA-TR-NA;1920x1080
64.82;16000;CPU;AA-NA-NA;1920x1080
55.79;260000;CPU;NA-NA-NA;1920x1080
11.34;16000;GPU;NA-NA-RE;1440x900
457.23;65000;GPU;AA-TR-RE;1920x1080
1.52;1000;GPU;NA-NA-RE;1920x1080
5.53;1000;CPU;NA-TR-NA;1920x1080
68.73;65000;GPU;AA-NA-NA;1920x1080
10.24;65000;GPU;NA-NA-NA;1280x720
32.26;16000;GPU;NA-TR-RE;1920x1080
65.43;16000;CPU;AA-TR-NA;1280x720
19.99;4000;GPU;AA-NA-RE;1920x1080
421.45;260000;GPU;AA-TR-NA;1920x1080
170.02;260000;GPU;NA-TR-RE;1280x720
5.88;1000;CPU;NA-TR-RE;1920x1080
54.68;16000;GPU;AA-NA-RE;1440x900
13.07;16000;CPU;NA-NA-NA;1920x1080
285.19;65000;GPU;AA-TR-RE;1280x720
17.40;4000;GPU;AA-TR-NA;1440x900
1.12;1000;GPU;NA-NA-RE;1280x720
159.32;16000;GPU;AA-TR-RE;1920x1080
18.20;65000;CPU;NA-NA-NA;1440x900
20.57;16000;GPU;AA-NA-NA;1440x900
24.29;4000;CPU;AA-NA-NA;1280x720
9.65;4000;CPU;NA-NA-RE;1920x1080
31.40;16000;CPU;NA-TR-RE;1920x1080
81.55;260000;CPU;NA-TR-RE;1280x720
6.76;4000;GPU;NA-TR-RE;1440x900
4.90;1000;CPU;NA-TR-RE;1440x900
37.44;16000;CPU;AA-NA-NA;1280x720
2.58;4000;GPU;NA-NA-NA;1920x1080
456.91;65000;GPU;AA-TR-RE;1920x1080
141.03;16000;GPU;AA-TR-RE;1440x900
9.45;4000;GPU;AA-NA-NA;1440x900
42.09;16000;GPU;AA-TR-NA;1280x720
159.12;16000;GPU;AA-TR-RE;1920x1080
2.48;4000;GPU;NA-NA-NA;1920x1080
4.94;4000;CPU;NA-NA-NA;1280x720
18.12;16000;CPU;NA-NA-RE;1920x1080
4.88;1000;CPU;NA-NA-NA;1920x1080
32.63;65000;CPU;NA-NA-RE;1920x1080
53.31;260000;GPU;NA-NA-NA;1920x1080
34.82;65000;CPU;NA-TR-NA;1920x1080
10.40;65000;GPU;NA-NA-NA;1280x720
19.48;1000;CPU;AA-TR-RE;1280x720
4.20;1000;GPU;AA-NA-NA;1440x900
230.42;260000;GPU;AA-NA-NA;1440x900
47.32;260000;GPU;NA-NA-NA;1440x900
10.80;4000;CPU;NA-TR-NA;1920x1080
1.22;1000;GPU;NA-NA-RE;1280x720
284.80;65000;GPU;AA-TR-RE;1280x720
16.98;16000;CPU;NA-TR-NA;1440x900
234.72;65000;CPU;AA-TR-RE;1440x900
19.15;65000;CPU;NA-NA-RE;1280x720
53.25;4000;CPU;AA-TR-RE;1440x900
371.44;260000;GPU;AA-TR-NA;1440x900
109.86;16000;GPU;AA-TR-RE;1280x720
1266.53;260000;GPU;AA-TR-RE;1920x1080
7.75;4000;CPU;NA-NA-RE;1440x900
3.88;4000;GPU;NA-NA-RE;1440x900
89.21;260000;GPU;NA-NA-RE;1440x900
21.19;65000;GPU;NA-NA-RE;1280x720
41.03;16000;GPU;AA-NA-RE;1280x720
1.45;1000;GPU;NA-TR-NA;1440x900
10.85;4000;CPU;NA-TR-NA;1920x1080
3.35;1000;CPU;NA-NA-RE;1280x720
53.75;4000;CPU;AA-TR-NA;1920x1080
170.34;260000;GPU;NA-TR-RE;1280x720
5.13;1000;GPU;AA-TR-NA;1280x720
17.47;4000;GPU;AA-NA-RE;1440x900
90.06;16000;CPU;AA-NA-RE;1920x1080
5.91;1000;CPU;NA-TR-RE;1920x1080
239.31;260000;CPU;AA-NA-RE;1280x720
1.34;1000;GPU;NA-NA-NA;1920x1080
20.42;16000;GPU;AA-NA-NA;1440x900
14.24;65000;GPU;NA-NA-NA;1920x1080
6.48;1000;GPU;AA-TR-NA;1920x1080
1.12;1000;GPU;NA-NA-RE;1280x720
515.04;260000;CPU;AA-TR-RE;1440x900
4.38;4000;GPU;NA-NA-RE;1920x1080
49.01;260000;CPU;NA-NA-RE;1280x720
9.65;4000;CPU;NA-NA-RE;1920x1080
24.62;65000;GPU;NA-TR-NA;1440x900
1.05;1000;GPU;NA-NA-NA;1440x900
71.84;260000;GPU;NA-NA-RE;1280x720
28.06;65000;GPU;NA-TR-NA;1920x1080
5.48;1000;GPU;AA-NA-RE;1440x900
253.70;260000;CPU;AA-TR-NA;1280x720
194.05;260000;GPU;AA-NA-NA;1280x720
4.56;1000;CPU;NA-TR-NA;1440x900
2.02;1000;GPU;NA-TR-RE;1920x1080
13.30;16000;GPU;NA-NA-RE;1920x1080
64.80;16000;GPU;AA-NA-RE;1920x1080
8.88;4000;CPU;NA-TR-NA;1440x900
8.15;4000;CPU;NA-TR-RE;1280x720
6.73;4000;GPU;NA-TR-RE;1440x900
7.38;4000;GPU;AA-NA-NA;1280x720
351.78;260000;GPU;AA-NA-RE;1280x720
3.11;1000;CPU;NA-NA-NA;1280x720
141.21;16000;GPU;AA-TR-RE;1440x900
57.79;65000;GPU;NA-TR-RE;1280x720
34.79;65000;CPU;NA-TR-RE;1280x720
11.31;16000;GPU;NA-NA-RE;1440x900
27.71;65000;CPU;NA-TR-NA;1440x900
99.12;65000;GPU;AA-TR-NA;1280x720
19.86;4000;GPU;AA-NA-RE;1920x1080
3.08;1000;CPU;NA-NA-NA;1280x720
5.57;4000;GPU;NA-TR-RE;1280x720
4.59;1000;GPU;AA-NA-NA;1920x1080
10.48;16000;CPU;NA-NA-RE;1280x720
8.20;4000;CPU;NA-TR-RE;1280x720
6.49;1000;GPU;AA-TR-NA;1920x1080
8.42;16000;GPU;NA-NA-RE;1280x720
18.13;16000;CPU;NA-NA-RE;1920x1080
3.98;1000;CPU;NA-TR-RE;1280x720
156.09;16000;CPU;AA-TR-RE;1920x1080
25.74;65000;CPU;NA-NA-RE;1440x900
50.18;16000;CPU;AA-NA-NA;1440x900
19.61;4000;GPU;AA-TR-NA;1920x1080
103.65;260000;GPU;NA-NA-RE;1920x1080
27.17;1000;CPU;AA-TR-NA;1920x1080
213.45;260000;GPU;NA-TR-RE;1440x900
23.01;65000;CPU;NA-NA-NA;1920x1080
41.22;16000;GPU;AA-NA-RE;1280x720
56.45;16000;GPU;AA-TR-NA;1920x1080
365.95;260000;CPU;AA-NA-RE;1920x1080
3.83;4000;GPU;NA-TR-NA;1440x900
1.33;1000;GPU;NA-NA-RE;1440x900
52.17;16000;CPU;AA-NA-RE;1280x720
6.81;1000;GPU;AA-TR-RE;1280x720
258.81;260000;GPU;AA-NA-NA;1920x1080
7.39;4000;GPU;AA-NA-NA;1280x720
14.25;65000;GPU;NA-NA-NA;1920x1080
294.95;65000;CPU;AA-TR-RE;1920x1080
65.88;260000;GPU;NA-TR-NA;1280x720
24.58;65000;GPU;NA-TR-NA;1440x900
54.56;16000;GPU;AA-NA-RE;1440x900
33.69;4000;CPU;AA-TR-NA;1280x720
4.22;1000;GPU;AA-NA-NA;1440x900
1.69;4000;GPU;NA-NA-NA;1280x720
40.66;4000;CPU;AA-TR-RE;1280x720
377.32;65000;GPU;AA-TR-RE;1440x900
16.25;16000;GPU;AA-NA-NA;1280x720
18.03;1000;CPU;AA-TR-NA;1280x720
14.36;65000;GPU;NA-NA-NA;1920x1080
314.93;260000;CPU;AA-TR-NA;1440x900
10.73;4000;CPU;NA-TR-RE;1440x900
50.18;16000;CPU;AA-NA-NA;1440x900
272.92;260000;CPU;AA-NA-NA;1920x1080
322.11;260000;GPU;AA-TR-NA;1280x720
141.09;16000;GPU;AA-TR-RE;1440x900
20.17;65000;GPU;NA-TR-NA;1280x720
24.58;65000;GPU;NA-TR-NA;1440x900
19.87;16000;CPU;NA-TR-RE;1280x720
6.08;1000;GPU;AA-TR-NA;1440x900
6.55;4000;CPU;NA-NA-NA;1440x900
47.61;4000;CPU;AA-NA-RE;1920x1080
64.95;16000;GPU;AA-NA-RE;1920x1080
25.34;1000;CPU;AA-NA-RE;1920x1080
2.24;4000;GPU;NA-NA-NA;1440x900
20.78;1000;CPU;AA-NA-RE;1440x900
5.88;1000;CPU;NA-TR-RE;1920x1080
6.63;4000;GPU;NA-TR-RE;1440x900
1265.41;260000;GPU;AA-TR-RE;1920x1080
46.25;260000;CPU;NA-NA-NA;1440x900
437.93;260000;GPU;AA-NA-RE;1440x900
1266.36;260000;GPU;AA-TR-RE;1920x1080
47.36;260000;GPU;NA-NA-NA;1440x900
26.39;4000;GPU;AA-TR-RE;1280x720
120.73;65000;GPU;AA-TR-NA;1440x900
12.86;4000;CPU;NA-TR-RE;1920x1080
42.29;16000;GPU;AA-TR-NA;1280x720
7.67;1000;GPU;AA-TR-RE;1440x900
31.95;4000;GPU;AA-TR-RE;1440x900
213.13;260000;GPU;NA-TR-RE;1440x900
20.86;16000;CPU;NA-TR-NA;1920x1080
3.05;4000;GPU;NA-NA-RE;1280x720
44.28;4000;CPU;AA-TR-NA;1440x900
1.34;1000;GPU;NA-TR-NA;1280x720
104.13;260000;CPU;NA-TR-RE;1440x900
92.71;65000;GPU;NA-TR-RE;1920x1080
48.90;260000;CPU;NA-NA-RE;1280x720
5.36;16000;GPU;NA-NA-NA;1920x1080
71.85;260000;GPU;NA-NA-RE;1280x720
19.42;1000;CPU;AA-TR-RE;1280x720
38.41;4000;CPU;AA-NA-RE;1440x900
104.13;260000;CPU;NA-TR-RE;1440x900
104.13;16000;CPU;AA-TR-NA;1920x1080
22.62;1000;CPU;AA-TR-NA;1440x900
634.12;260000;CPU;AA-TR-RE;1920x1080
137.82;65000;GPU;AA-TR-NA;1920x1080
10.09;16000;CPU;NA-NA-NA;1440x900
137.38;65000;GPU;AA-NA-RE;1440x900
161.34;65000;CPU;AA-NA-RE;1920x1080
509.94;260000;GPU;AA-NA-RE;1920x1080
18.18;65000;CPU;NA-NA-NA;1440x900
438.22;260000;GPU;AA-NA-RE;1440x900
92.50;65000;GPU;NA-TR-RE;1920x1080
7.42;4000;GPU;AA-NA-NA;1280x720
6.77;4000;CPU;NA-TR-NA;1280x720
17.60;4000;GPU;AA-NA-RE;1440x900
4.57;1000;CPU;NA-TR-NA;1440x900
103.48;260000;GPU;NA-NA-RE;1920x1080
3.38;1000;GPU;AA-NA-NA;1280x720
64.70;16000;CPU;AA-NA-NA;1920x1080
52.02;260000;CPU;NA-TR-NA;1280x720
6.08;1000;GPU;AA-NA-RE;1920x1080
13.13;16000;CPU;NA-NA-NA;1920x1080
84.71;16000;CPU;AA-TR-NA;1440x900
54.64;16000;GPU;AA-NA-RE;1440x900
5.21;16000;GPU;NA-NA-NA;1920x1080
8.44;16000;GPU;NA-NA-RE;1280x720
4.20;4000;GPU;NA-TR-NA;1920x1080
32.48;4000;CPU;AA-NA-NA;1440x900
3.28;4000;GPU;NA-TR-NA;1280x720
57.79;65000;GPU;NA-TR-RE;1280x720
37.25;16000;CPU;AA-NA-NA;1280x720
8.59;16000;GPU;NA-NA-RE;1280x720
3.43;1000;GPU;AA-NA-NA;1280x720
44.23;4000;CPU;AA-TR-NA;1440x900
19.51;1000;CPU;AA-TR-RE;1280x720
193.49;260000;GPU;AA-NA-NA;1280x720
99.10;16000;CPU;AA-TR-RE;1280x720
5.78;4000;CPU;NA-NA-RE;1280x720
137.83;65000;GPU;AA-TR-NA;1920x1080
52.02;16000;CPU;AA-NA-RE;1280x720
168.36;65000;GPU;AA-NA-RE;1920x1080
41.24;16000;GPU;AA-NA-RE;1280x720
5.24;16000;GPU;NA-NA-NA;1920x1080
381.80;260000;CPU;AA-TR-NA;1920x1080
18.14;1000;CPU;AA-TR-NA;1280x720
841.10;260000;GPU;AA-TR-RE;1280x720
53.02;4000;CPU;AA-TR-RE;1440x900
161.60;65000;CPU;AA-NA-RE;1920x1080
105.66;65000;CPU;AA-TR-NA;1280x720
5.56;1000;CPU;NA-TR-NA;1920x1080
22.40;16000;GPU;NA-TR-RE;1280x720
65.61;260000;GPU;NA-TR-NA;1280x720
8.22;4000;CPU;NA-NA-NA;1920x1080
842.26;260000;GPU;AA-TR-RE;1280x720
10.48;16000;CPU;NA-NA-RE;1280x720
34.49;65000;GPU;NA-NA-RE;1920x1080
27.15;1000;CPU;AA-TR-NA;1920x1080
40.68;4000;CPU;AA-TR-RE;1280x720
366.05;260000;CPU;AA-NA-RE;1920x1080
1.66;1000;GPU;NA-TR-RE;1280x720
4.19;4000;GPU;NA-TR-NA;1920x1080
75.54;260000;GPU;NA-TR-NA;1440x900
4.21;4000;GPU;NA-TR-NA;1920x1080
194.63;260000;GPU;AA-NA-NA;1280x720
353.86;260000;GPU;AA-NA-RE;1280x720
5.99;1000;GPU;AA-TR-NA;1440x900
26.53;4000;GPU;AA-TR-RE;1280x720
25.28;1000;CPU;AA-NA-RE;1920x1080
27.24;1000;CPU;AA-TR-NA;1920x1080
99.27;16000;CPU;AA-TR-RE;1280x720
10.41;16000;GPU;NA-TR-NA;1440x900
272.93;260000;CPU;AA-NA-NA;1920x1080
16.38;1000;CPU;AA-NA-RE;1280x720
85.63;260000;GPU;NA-TR-NA;1920x1080
5.89;4000;CPU;NA-NA-RE;1280x720
4.94;4000;CPU;NA-NA-NA;1280x720
32.64;65000;CPU;NA-NA-RE;1920x1080
5.59;1000;GPU;AA-NA-RE;1440x900
5.12;1000;GPU;AA-TR-NA;1280x720
514.79;260000;CPU;AA-TR-RE;1440x900
1.75;4000;GPU;NA-NA-NA;1280x720
352.44;260000;GPU;AA-NA-RE;1280x720
130.06;16000;CPU;AA-TR-RE;1440x900
12.53;65000;GPU;NA-NA-NA;1440x900
234.68;65000;CPU;AA-TR-RE;1440x900
27.78;65000;CPU;NA-TR-NA;1440x900
6.75;4000;GPU;NA-TR-RE;1440x900
234.63;65000;CPU;AA-TR-RE;1440x900
26.20;16000;CPU;NA-TR-RE;1440x900
130.29;16000;CPU;AA-TR-RE;1440x900
17.09;16000;CPU;NA-TR-NA;1440x900
322.58;260000;GPU;AA-TR-NA;1280x720
89.56;260000;GPU;NA-NA-RE;1440x900
58.02;65000;GPU;NA-TR-RE;1280x720
3.11;1000;CPU;NA-NA-NA;1280x720
81.39;260000;CPU;NA-TR-RE;1280x720
4.92;1000;CPU;NA-NA-NA;1920x1080
94.23;65000;CPU;AA-NA-RE;1280x720
213.49;260000;GPU;NA-TR-RE;1440x900
31.20;16000;CPU;NA-TR-RE;1920x1080
7.55;4000;GPU;NA-TR-RE;1920x1080
47.60;4000;CPU;AA-NA-RE;1920x1080
28.65;16000;GPU;NA-TR-RE;1440x900
10.93;4000;GPU;AA-NA-NA;1920x1080
76.41;65000;GPU;NA-TR-RE;1440x900
5.97;1000;GPU;AA-NA-RE;1920x1080
10.51;16000;CPU;NA-NA-RE;1280x720
3.28;4000;GPU;NA-TR-NA;1280x720
24.50;16000;GPU;AA-NA-NA;1920x1080
53.34;260000;GPU;NA-NA-NA;1920x1080
1.95;1000;GPU;NA-TR-RE;1920x1080
4.57;1000;GPU;AA-NA-RE;1280x720
23.86;1000;CPU;AA-NA-NA;1920x1080
110.19;16000;GPU;AA-TR-RE;1280x720
63.98;4000;CPU;AA-TR-RE;1920x1080
8.95;4000;CPU;NA-TR-NA;1440x900
120.81;65000;GPU;AA-TR-NA;1440x900
9.59;4000;CPU;NA-NA-RE;1920x1080
169.01;65000;GPU;AA-NA-RE;1920x1080
3.14;4000;GPU;NA-TR-NA;1280x720
52.01;16000;CPU;AA-NA-RE;1280x720
128.00;260000;CPU;NA-TR-RE;1920x1080
24.02;1000;CPU;AA-NA-NA;1920x1080
19.59;4000;GPU;AA-TR-NA;1920x1080
21.11;65000;GPU;NA-NA-RE;1280x720
28.58;4000;CPU;AA-NA-RE;1280x720
3.71;1000;CPU;NA-TR-NA;1280x720
56.69;16000;GPU;AA-TR-NA;1920x1080
26.13;16000;CPU;NA-TR-RE;1440x900
4.00;1000;CPU;NA-NA-NA;1440x900
1.71;1000;GPU;NA-TR-RE;1280x720
47.26;65000;CPU;NA-TR-RE;1440x900
21.41;65000;CPU;NA-TR-NA;1280x720
10.60;16000;CPU;NA-NA-RE;1280x720
6.62;1000;GPU;AA-TR-NA;1920x1080
40.76;4000;CPU;AA-NA-NA;1920x1080
59.35;65000;CPU;NA-TR-RE;1920x1080
13.19;16000;CPU;NA-NA-NA;1920x1080
61.66;260000;CPU;NA-NA-RE;1440x900
2.27;4000;GPU;NA-NA-NA;1440x900
103.36;65000;GPU;AA-NA-RE;1280x720
172.42;65000;CPU;AA-TR-NA;1920x1080
76.35;65000;GPU;NA-TR-RE;1440x900
9.47;4000;GPU;AA-NA-NA;1440x900
19.88;16000;CPU;NA-TR-RE;1280x720
173.25;65000;CPU;AA-TR-RE;1280x720
3.35;1000;CPU;NA-NA-RE;1280x720
13.21;16000;CPU;NA-TR-NA;1280x720
14.27;65000;CPU;NA-NA-NA;1280x720
24.50;16000;GPU;AA-NA-NA;1920x1080
50.16;16000;CPU;AA-NA-NA;1440x900
46.55;260000;CPU;NA-NA-NA;1440x900
13.35;16000;GPU;NA-NA-RE;1920x1080
259.65;260000;GPU;AA-NA-NA;1920x1080
59.99;65000;GPU;AA-NA-NA;1440x900
7.72;4000;CPU;NA-NA-RE;1440x900
25.65;65000;CPU;NA-NA-RE;1440x900
65.55;16000;CPU;AA-TR-NA;1280x720
90.25;16000;CPU;AA-NA-RE;1920x1080
114.07;65000;CPU;AA-NA-NA;1920x1080
159.19;16000;GPU;AA-TR-RE;1920x1080
54.69;16000;GPU;AA-NA-RE;1440x900
260.17;260000;GPU;AA-NA-NA;1920x1080
103.90;16000;CPU;AA-TR-NA;1920x1080
11.30;16000;GPU;NA-NA-RE;1440x900
16.38;1000;CPU;AA-NA-RE;1280x720
1.53;1000;GPU;NA-TR-NA;1440x900
53.09;260000;GPU;NA-NA-NA;1920x1080
46.39;260000;CPU;NA-NA-NA;1440x900
256.85;260000;GPU;NA-TR-RE;1920x1080
8.19;4000;CPU;NA-TR-RE;1280x720
1.72;1000;GPU;NA-TR-NA;1920x1080
16.39;16000;GPU;AA-NA-NA;1280x720
110.44;16000;GPU;AA-TR-RE;1280x720
4.88;1000;CPU;NA-TR-RE;1440x900
19.77;4000;GPU;AA-TR-NA;1920x1080
161.39;65000;CPU;AA-NA-RE;1920x1080
4.01;1000;CPU;NA-TR-RE;1280x720
59.85;65000;GPU;AA-NA-NA;1440x900
65.73;260000;GPU;NA-TR-NA;1280x720
6.57;4000;CPU;NA-NA-NA;1440x900
13.47;16000;GPU;NA-NA-RE;1920x1080
515.16;260000;CPU;AA-TR-RE;1440x900
40.81;4000;CPU;AA-NA-NA;1920x1080
3.87;4000;GPU;NA-NA-RE;1440x900
59.35;65000;CPU;NA-TR-RE;1920x1080
68.74;65000;GPU;AA-NA-NA;1920x1080
138.09;65000;GPU;AA-TR-NA;1920x1080
72.18;260000;GPU;NA-NA-RE;1280x720
40.61;4000;CPU;AA-NA-NA;1920x1080
64.95;16000;CPU;AA-NA-NA;1920x1080
4.02;1000;CPU;NA-NA-NA;1440x900
1.47;1000;GPU;NA-NA-RE;1440x900
193.80;260000;GPU;AA-NA-NA;1280x720
32.10;4000;GPU;AA-TR-RE;1440x900
28.81;1000;CPU;AA-TR-RE;1920x1080
2.65;4000;GPU;NA-NA-NA;1920x1080
3.69;1000;CPU;NA-TR-NA;1280x720
17.54;4000;GPU;AA-NA-RE;1440x900
20.95;16000;CPU;NA-TR-NA;1920x1080
4.03;1000;CPU;NA-NA-NA;1440x900
458.56;65000;GPU;AA-TR-RE;1920x1080
231.25;260000;GPU;AA-NA-NA;1440x900
48.74;260000;CPU;NA-NA-RE;1280x720
8.30;4000;CPU;NA-NA-NA;1920x1080
14.39;16000;CPU;NA-NA-RE;1440x900
27.36;1000;CPU;AA-TR-NA;1920x1080
14.76;4000;GPU;AA-TR-NA;1280x720
7.60;16000;CPU;NA-NA-NA;1280x720
5.24;1000;CPU;NA-NA-RE;1920x1080
53.32;4000;CPU;AA-TR-RE;1440x900
11.71;16000;GPU;NA-TR-NA;1920x1080
5.55;1000;CPU;NA-TR-NA;1920x1080
3.09;4000;GPU;NA-NA-RE;1280x720
1.58;1000;GPU;NA-TR-NA;1920x1080
19.96;16000;CPU;NA-TR-RE;1280x720
14.18;65000;CPU;NA-NA-NA;1280x720
295.08;65000;CPU;AA-TR-RE;1920x1080
161.75;65000;CPU;AA-NA-RE;1920x1080
295.12;65000;CPU;AA-TR-RE;1920x1080
18.18;1000;CPU;AA-TR-NA;1280x720
25.70;65000;CPU;NA-NA-RE;1440x900
10.78;4000;CPU;NA-TR-RE;1440x900
74.36;260000;CPU;NA-NA-RE;1920x1080
4.95;1000;CPU;NA-NA-NA;1920x1080
104.20;260000;CPU;NA-TR-RE;1440x900
33.85;4000;CPU;AA-TR-NA;1280x720
1.06;1000;GPU;NA-NA-NA;1280x720
61.66;260000;CPU;NA-NA-RE;1440x900
13.24;16000;CPU;NA-TR-NA;1280x720
104.16;16000;CPU;AA-TR-NA;1920x1080
8.80;16000;GPU;NA-TR-NA;1280x720
1.78;1000;GPU;NA-TR-RE;1440x900
137.04;65000;GPU;AA-NA-RE;1440x900
81.28;260000;CPU;NA-TR-RE;1280x720
28.71;16000;GPU;NA-TR-RE;1440x900
18.26;65000;CPU;NA-NA-NA;1440x900
10.71;4000;CPU;NA-TR-RE;1440x900
17.12;16000;CPU;NA-TR-NA;1440x900
15.27;1000;CPU;AA-NA-NA;1280x720
13.57;4000;GPU;AA-NA-RE;1280x720
226.84;260000;CPU;AA-NA-NA;1440x900
8.80;16000;GPU;NA-TR-NA;1280x720
8.24;1000;GPU;AA-TR-RE;1920x1080
17.39;4000;GPU;AA-TR-NA;1440x900
253.66;260000;CPU;AA-TR-NA;1280x720
372.52;260000;GPU;AA-TR-NA;1440x900
19.40;1000;CPU;AA-NA-NA;1440x900
55.54;260000;CPU;NA-NA-NA;1920x1080
130.28;16000;CPU;AA-TR-RE;1440x900
4.71;1000;GPU;AA-NA-RE;1280x720
27.75;65000;CPU;NA-TR-NA;1440x900
1.15;1000;GPU;NA-NA-NA;1440x900
402.39;260000;CPU;AA-TR-RE;1280x720
182.14;260000;CPU;AA-NA-NA;1280x720
167.97;65000;GPU;AA-NA-RE;1920x1080
5.99;1000;GPU;AA-NA-RE;1920x1080
13.09;16000;CPU;NA-NA-NA;1920x1080
8.78;16000;GPU;NA-TR-NA;1280x720
99.12;16000;CPU;AA-TR-RE;1280x720
24.04;1000;CPU;AA-NA-NA;1920x1080
422.68;260000;GPU;AA-TR-NA;1920x1080
8.21;4000;CPU;NA-NA-NA;1920x1080
15.22;1000;CPU;AA-NA-NA;1280x720
48.91;260000;CPU;NA-NA-RE;1280x720
1.00;1000;GPU;NA-NA-NA;1280x720
28.63;16000;GPU;NA-TR-RE;1440x900
52.13;16000;CPU;AA-NA-RE;1280x720
92.65;65000;GPU;NA-TR-RE;1920x1080
168.15;65000;GPU;AA-NA-RE;1920x1080
3.32;1000;CPU;NA-NA-RE;1280x720
21.22;65000;GPU;NA-NA-RE;1280x720
3.52;16000;GPU;NA-NA-NA;1280x720
37.35;260000;CPU;NA-NA-NA;1280x720
1.57;1000;GPU;NA-TR-NA;1440x900
3.32;1000;CPU;NA-NA-RE;1280x720
302.72;260000;CPU;AA-NA-RE;1440x900
130.33;16000;CPU;AA-TR-RE;1440x900
31.44;16000;CPU;NA-TR-RE;1920x1080
3.31;4000;GPU;NA-TR-NA;1280x720
372.28;260000;GPU;AA-TR-NA;1440x900
159.96;16000;GPU;AA-TR-RE;1920x1080
56.77;16000;GPU;AA-TR-NA;1920x1080
26.28;16000;CPU;NA-TR-RE;1440x900
13.60;4000;GPU;AA-NA-RE;1280x720
2.51;4000;GPU;NA-NA-NA;1920x1080
5.15;1000;GPU;AA-TR-NA;1280x720
5.52;4000;GPU;NA-TR-RE;1280x720
4.39;16000;GPU;NA-NA-NA;1440x900
50.22;16000;GPU;AA-TR-NA;1440x900
81.34;260000;CPU;NA-TR-RE;1280x720
383.40;260000;CPU;AA-TR-NA;1920x1080
24.03;1000;CPU;AA-NA-NA;1920x1080
7.58;16000;CPU;NA-NA-NA;1280x720
3.66;16000;GPU;NA-NA-NA;1280x720
71.07;16000;CPU;AA-NA-RE;1440x900
49.34;65000;GPU;AA-NA-NA;1280x720
64.76;16000;CPU;AA-NA-NA;1920x1080
6.10;1000;GPU;AA-TR-NA;1440x900
172.50;65000;CPU;AA-TR-NA;1920x1080
59.43;65000;CPU;NA-TR-RE;1920x1080
173.26;65000;CPU;AA-TR-RE;1280x720
68.72;65000;GPU;AA-NA-NA;1920x1080
47.12;65000;CPU;NA-TR-RE;1440x900
69.50;65000;CPU;AA-NA-NA;1280x720
23.21;65000;CPU;NA-NA-NA;1920x1080
5.62;1000;GPU;AA-NA-RE;1440x900
11.15;16000;GPU;NA-NA-RE;1440x900
156.10;16000;CPU;AA-TR-RE;1920x1080
5.25;1000;CPU;NA-NA-RE;1920x1080
1.47;1000;GPU;NA-NA-RE;1440x900
8.21;1000;GPU;AA-TR-RE;1920x1080
239.21;260000;CPU;AA-NA-RE;1280x720
47.62;4000;CPU;AA-NA-RE;1920x1080
6.10;1000;GPU;AA-TR-NA;1440x900
3.12;1000;CPU;NA-NA-NA;1280x720
285.26;65000;GPU;AA-TR-RE;1280x720
20.31;65000;GPU;NA-TR-NA;1280x720
1.51;1000;GPU;NA-NA-RE;1920x1080
3.97;1000;CPU;NA-NA-NA;1440x900
2.02;1000;GPU;NA-TR-RE;1920x1080
257.88;260000;GPU;NA-TR-RE;1920x1080
47.59;260000;GPU;NA-NA-NA;1440x900
9.61;4000;CPU;NA-NA-RE;1920x1080
76.87;65000;GPU;NA-TR-RE;1440x900
9.58;4000;CPU;NA-NA-RE;1920x1080
7.63;4000;GPU;NA-TR-RE;1920x1080
32.50;4000;CPU;AA-NA-NA;1440x900
24.17;1000;CPU;AA-TR-RE;1440x900
294.85;65000;CPU;AA-TR-RE;1920x1080
39.97;260000;GPU;NA-NA-NA;1280x720
53.25;4000;CPU;AA-TR-RE;1440x900
302.77;260000;CPU;AA-NA-RE;1440x900
7.62;16000;CPU;NA-NA-NA;1280x720
27.35;1000;CPU;AA-TR-NA;1920x1080
53.10;260000;GPU;NA-NA-NA;1920x1080
16.34;1000;CPU;AA-NA-RE;1280x720
114.06;65000;CPU;AA-NA-NA;1920x1080
85.81;260000;GPU;NA-TR-NA;1920x1080
257.35;260000;GPU;NA-TR-RE;1920x1080
60.12;65000;GPU;AA-NA-NA;1440x900
5.17;1000;GPU;AA-TR-NA;1280x720
38.26;4000;CPU;AA-NA-RE;1440x900
5.64;4000;GPU;NA-TR-RE;1280x720
20.46;16000;GPU;AA-NA-NA;1440x900
25.66;65000;CPU;NA-NA-RE;1440x900
257.82;260000;GPU;NA-TR-RE;1920x1080
72.16;260000;GPU;NA-NA-RE;1280x720
19.88;16000;CPU;NA-TR-RE;1280x720
7.60;16000;CPU;NA-NA-NA;1280x720
381.77;260000;CPU;AA-TR-NA;1920x1080
440.12;260000;GPU;AA-NA-RE;1440x900
55.57;260000;CPU;NA-NA-NA;1920x1080
64.14;260000;CPU;NA-TR-NA;1440x900
6.84;1000;GPU;AA-TR-RE;1280x720
34.19;65000;GPU;NA-NA-RE;1920x1080
140.98;16000;GPU;AA-TR-RE;1440x900
10.12;16000;CPU;NA-NA-NA;1440x900
89.82;65000;CPU;AA-NA-NA;1440x900
68.67;65000;GPU;AA-NA-NA;1920x1080
1.54;1000;GPU;NA-TR-RE;1280x720
1.22;1000;GPU;NA-TR-NA;1280x720
24.41;16000;GPU;AA-NA-NA;1920x1080
130.20;16000;CPU;AA-TR-RE;1440x900
53.78;4000;CPU;AA-TR-NA;1920x1080
103.48;65000;GPU;AA-NA-RE;1280x720
4.92;4000;CPU;NA-NA-NA;1280x720
4.25;1000;CPU;NA-NA-RE;1440x900
44.26;4000;CPU;AA-TR-NA;1440x900
28.64;4000;CPU;AA-NA-RE;1280x720
34.38;65000;GPU;NA-NA-RE;1920x1080
65.65;260000;GPU;NA-TR-NA;1280x720
1.48;1000;GPU;NA-NA-RE;1920x1080
40.05;260000;GPU;NA-NA-NA;1280x720
76.80;65000;GPU;NA-TR-RE;1440x900
366.02;260000;CPU;AA-NA-RE;1920x1080
2.12;1000;GPU;NA-TR-RE;1920x1080
51.93;260000;CPU;NA-TR-NA;1280x720
37.58;260000;CPU;NA-NA-NA;1280x720
19.15;65000;CPU;NA-NA-RE;1280x720
105.64;65000;CPU;AA-TR-NA;1280x720
6.87;4000;CPU;NA-TR-NA;1280x720
104.26;260000;CPU;NA-TR-RE;1440x900
3.66;16000;GPU;NA-NA-NA;1280x720
75.56;260000;GPU;NA-TR-NA;1440x900
90.16;16000;CPU;AA-NA-RE;1920x1080
40.80;4000;CPU;AA-NA-NA;1920x1080
61.71;260000;CPU;NA-NA-RE;1440x900
120.73;65000;GPU;AA-TR-NA;1440x900
14.27;16000;CPU;NA-NA-RE;1440x900
302.55;260000;CPU;AA-NA-RE;1440x900
182.11;260000;CPU;AA-NA-NA;1280x720
11.08;4000;GPU;AA-NA-NA;1920x1080
1056.61;260000;GPU;AA-TR-RE;1440x900
42.32;16000;GPU;AA-TR-NA;1280x720
59.26;65000;CPU;NA-TR-RE;1920x1080
42.31;16000;GPU;AA-TR-NA;1280x720
10.55;16000;CPU;NA-NA-RE;1280x720
110.11;16000;GPU;AA-TR-RE;1280x720
35.68;4000;GPU;AA-TR-RE;1920x1080
59.29;65000;CPU;NA-TR-RE;1920x1080
8.37;1000;GPU;AA-TR-RE;1920x1080
28.05;65000;GPU;NA-TR-NA;1920x1080
17.08;16000;CPU;NA-TR-NA;1440x900
14.40;65000;GPU;NA-NA-NA;1920x1080
21.19;65000;GPU;NA-NA-RE;1280x720
19.96;4000;GPU;AA-NA-RE;1920x1080
47.25;65000;CPU;NA-TR-RE;1440x900
85.87;260000;GPU;NA-TR-NA;1920x1080
6.00;1000;GPU;AA-NA-RE;1920x1080
381.83;260000;CPU;AA-TR-NA;1920x1080
173.29;65000;CPU;AA-TR-RE;1280x720
1.01;1000;GPU;NA-NA-NA;1280x720
127.86;260000;CPU;NA-TR-RE;1920x1080
315.00;260000;CPU;AA-TR-NA;1440x900
7.87;4000;CPU;NA-NA-RE;1440x900
1.04;1000;GPU;NA-NA-NA;1280x720
98.80;65000;GPU;AA-TR-NA;1280x720
10.33;16000;GPU;NA-TR-NA;1440x900
8.69;16000;GPU;NA-TR-NA;1280x720
5.50;4000;GPU;NA-TR-RE;1280x720
6.46;1000;GPU;AA-TR-NA;1920x1080
512.39;260000;GPU;AA-NA-RE;1920x1080
11.26;16000;GPU;NA-NA-RE;1440x900
25.30;1000;CPU;AA-NA-RE;1920x1080
55.71;260000;CPU;NA-NA-NA;1920x1080
75.85;260000;GPU;NA-TR-NA;1440x900
92.73;65000;GPU;NA-TR-RE;1920x1080
1.26;1000;GPU;NA-TR-NA;1280x720
13.18;16000;CPU;NA-TR-NA;1280x720
14.30;16000;CPU;NA-NA-RE;1440x900
28.66;4000;CPU;AA-NA-RE;1280x720
1.85;4000;GPU;NA-NA-NA;1280x720
9.47;4000;GPU;AA-NA-NA;1440x900
372.98;260000;GPU;AA-TR-NA;1440x900
10.32;65000;GPU;NA-NA-NA;1280x720
32.50;4000;CPU;AA-NA-NA;1440x900
94.13;65000;CPU;AA-NA-RE;1280x720
8.39;1000;GPU;AA-TR-RE;1920x1080
137.38;65000;GPU;AA-NA-RE;1440x900
19.40;1000;CPU;AA-TR-RE;1280x720
49.47;65000;GPU;AA-NA-NA;1280x720
239.13;260000;CPU;AA-NA-RE;1280x720
21.01;16000;CPU;NA-TR-NA;1920x1080
33.87;4000;CPU;AA-TR-NA;1280x720
50.28;16000;GPU;AA-TR-NA;1440x900
5.20;1000;CPU;NA-NA-RE;1920x1080
64.17;4000;CPU;AA-TR-RE;1920x1080
11.77;16000;GPU;NA-TR-NA;1920x1080
7.42;4000;GPU;NA-TR-RE;1920x1080
20.00;16000;CPU;NA-TR-RE;1280x720
103.56;65000;GPU;AA-NA-RE;1280x720
32.36;16000;GPU;NA-TR-RE;1920x1080
13.53;4000;GPU;AA-NA-RE;1280x720
6.81;4000;CPU;NA-TR-NA;1280x720
37.32;16000;CPU;AA-NA-NA;1280x720
8.61;16000;GPU;NA-NA-RE;1280x720
27.96;65000;GPU;NA-NA-RE;1440x900
511.81;260000;GPU;AA-NA-RE;1920x1080
50.03;16000;CPU;AA-NA-NA;1440x900
64.13;260000;CPU;NA-TR-NA;1440x900
4.46;4000;GPU;NA-NA-RE;1920x1080
44.32;4000;CPU;AA-TR-NA;1440x900
38.43;4000;CPU;AA-NA-RE;1440x900
1.24;1000;GPU;NA-NA-NA;1440x900
136.90;65000;GPU;AA-NA-RE;1440x900
10.80;4000;CPU;NA-TR-NA;1920x1080
12.99;4000;CPU;NA-TR-RE;1920x1080
6.84;4000;GPU;NA-TR-RE;1440x900
10.33;16000;GPU;NA-TR-NA;1440x900
424.03;260000;GPU;AA-TR-NA;1920x1080
20.71;1000;CPU;AA-NA-RE;1440x900
12.96;4000;CPU;NA-TR-RE;1920x1080
41.20;16000;GPU;AA-NA-RE;1280x720
18.18;16000;CPU;NA-NA-RE;1920x1080
13.61;4000;GPU;AA-NA-RE;1280x720
28.93;1000;CPU;AA-TR-RE;1920x1080
71.10;16000;CPU;AA-NA-RE;1440x900
105.67;65000;CPU;AA-TR-NA;1280x720
104.10;16000;CPU;AA-TR-NA;1920x1080
37.44;16000;CPU;AA-NA-NA;1280x720
839.25;260000;GPU;AA-TR-RE;1280x720
373.61;260000;GPU;AA-TR-NA;1440x900
4.89;1000;CPU;NA-TR-RE;1440x900
10.74;4000;CPU;NA-TR-RE;1440x900
4.72;1000;GPU;AA-NA-NA;1920x1080
402.46;260000;CPU;AA-TR-RE;1280x720
64.22;260000;CPU;NA-TR-NA;1440x900
8.39;1000;GPU;AA-TR-RE;1920x1080
10.32;16000;GPU;NA-TR-NA;1440x900
11.59;16000;GPU;NA-TR-NA;1920x1080
5.89;1000;CPU;NA-TR-RE;1920x1080
302.74;260000;CPU;AA-NA-RE;1440x900
440.20;260000;GPU;AA-NA-RE;1440x900
74.18;260000;CPU;NA-NA-RE;1920x1080
20.84;1000;CPU;AA-NA-RE;1440x900
17.59;4000;GPU;AA-TR-NA;1440x900
37.50;260000;CPU;NA-NA-NA;1280x720
28.27;65000;GPU;NA-TR-NA;1920x1080
32.66;65000;CPU;NA-NA-RE;1920x1080
28.18;65000;GPU;NA-NA-RE;1440x900
42.12;16000;GPU;AA-TR-NA;1280x720
24.41;16000;GPU;AA-NA-NA;1920x1080
18.23;65000;CPU;NA-NA-NA;1440x900
24.36;4000;CPU;AA-NA-NA;1280x720
56.58;16000;GPU;AA-TR-NA;1920x1080
28.88;1000;CPU;AA-TR-RE;1920x1080
28.13;65000;GPU;NA-NA-RE;1440x900
10.86;4000;CPU;NA-TR-NA;1920x1080
1.40;1000;GPU;NA-NA-NA;1920x1080
6.62;4000;CPU;NA-NA-NA;1440x900
172.59;65000;CPU;AA-TR-NA;1920x1080
4.72;1000;GPU;AA-NA-NA;1920x1080
14.65;4000;GPU;AA-TR-NA;1280x720
5.94;1000;GPU;AA-TR-NA;1440x900
1.07;1000;GPU;NA-NA-NA;1440x900
92.49;65000;GPU;NA-TR-RE;1920x1080
7.57;16000;CPU;NA-NA-NA;1280x720
77.44;260000;CPU;NA-TR-NA;1920x1080
5.00;4000;CPU;NA-NA-NA;1280x720
75.68;260000;GPU;NA-TR-NA;1440x900
3.73;4000;GPU;NA-TR-NA;1440x900
34.73;65000;CPU;NA-TR-NA;1920x1080
285.62;65000;GPU;AA-TR-RE;1280x720
64.70;16000;CPU;AA-NA-NA;1920x1080
1.41;1000;GPU;NA-TR-NA;1280x720
3.74;4000;GPU;NA-TR-NA;1440x900
26.18;16000;CPU;NA-TR-RE;1440x900
31.36;16000;CPU;NA-TR-RE;1920x1080
127.03;65000;CPU;AA-NA-RE;1440x900
1.27;1000;GPU;NA-NA-RE;1280x720
98.86;65000;GPU;AA-TR-NA;1280x720
4.59;1000;CPU;NA-TR-NA;1440x900
69.35;65000;CPU;AA-NA-NA;1280x720
77.59;260000;CPU;NA-TR-NA;1920x1080
5.39;16000;GPU;NA-NA-NA;1920x1080
114.10;65000;CPU;AA-NA-NA;1920x1080
16.39;1000;CPU;AA-NA-RE;1280x720
90.26;16000;CPU;AA-NA-RE;1920x1080
26.48;4000;GPU;AA-TR-RE;1280x720
141.06;16000;GPU;AA-TR-RE;1440x900
64.85;16000;GPU;AA-NA-RE;1920x1080
20.58;16000;GPU;AA-NA-NA;1440x900
13.18;16000;CPU;NA-TR-NA;1280x720
4.37;4000;GPU;NA-TR-NA;1920x1080
86.08;260000;GPU;NA-TR-NA;1920x1080
5.77;4000;CPU;NA-NA-RE;1280x720
40.61;4000;CPU;AA-TR-RE;1280x720
59.84;65000;GPU;AA-NA-NA;1440x900
170.38;260000;GPU;NA-TR-RE;1280x720
181.89;260000;CPU;AA-NA-NA;1280x720
1056.43;260000;GPU;AA-TR-RE;1440x900
121.15;65000;GPU;AA-TR-NA;1440x900
17.59;4000;GPU;AA-NA-RE;1440x900
365.51;260000;CPU;AA-NA-RE;1920x1080
3.94;1000;CPU;NA-TR-RE;1280x720
3.90;4000;GPU;NA-NA-RE;1440x900
105.63;65000;CPU;AA-TR-NA;1280x720
46.53;260000;CPU;NA-NA-NA;1440x900
511.86;260000;GPU;AA-NA-RE;1920x1080
32.46;16000;GPU;NA-TR-RE;1920x1080
401.98;260000;CPU;AA-TR-RE;1280x720
12.55;65000;GPU;NA-NA-NA;1440x900
1.61;1000;GPU;NA-TR-NA;1920x1080
13.31;16000;GPU;NA-NA-RE;1920x1080
4.38;16000;GPU;NA-NA-NA;1440x900
272.73;260000;CPU;AA-NA-NA;1920x1080
1.56;1000;GPU;NA-TR-NA;1440x900
25.41;1000;CPU;AA-NA-RE;1920x1080
74.36;260000;CPU;NA-NA-RE;1920x1080
137.42;65000;CPU;AA-TR-NA;1440x900
51.87;260000;CPU;NA-TR-NA;1280x720
127.03;65000;CPU;AA-NA-RE;1440x900
230.75;260000;GPU;AA-NA-NA;1440x900
84.48;16000;CPU;AA-TR-NA;1440x900
353.40;260000;GPU;AA-NA-RE;1280x720
103.90;65000;GPU;AA-NA-RE;1280x720
40.55;4000;CPU;AA-NA-NA;1920x1080
14.37;16000;CPU;NA-NA-RE;1440x900
31.43;16000;CPU;NA-TR-RE;1920x1080
32.42;16000;GPU;NA-TR-RE;1920x1080
47.58;4000;CPU;AA-NA-RE;1920x1080
17.06;16000;CPU;NA-TR-NA;1440x900
8.25;4000;CPU;NA-TR-RE;1280x720
19.58;4000;GPU;AA-TR-NA;1920x1080
231.01;260000;GPU;AA-NA-NA;1440x900
12.46;65000;GPU;NA-NA-NA;1440x900
89.59;260000;GPU;NA-NA-RE;1440x900
9.49;4000;GPU;AA-NA-NA;1440x900
1.22;1000;GPU;NA-NA-NA;1920x1080
11.02;4000;GPU;AA-NA-NA;1920x1080
65.37;16000;CPU;AA-TR-NA;1280x720
4.63;1000;GPU;AA-NA-RE;1280x720
4.28;4000;GPU;NA-NA-RE;1920x1080
19.11;65000;CPU;NA-NA-RE;1280x720
34.84;65000;CPU;NA-TR-NA;1920x1080
170.16;260000;GPU;NA-TR-RE;1280x720
4.22;1000;CPU;NA-NA-RE;1440x900
514.91;260000;CPU;AA-TR-RE;1440x900
377.61;65000;GPU;AA-TR-RE;1440x900
34.38;65000;GPU;NA-NA-RE;1920x1080
11.02;4000;GPU;AA-NA-NA;1920x1080
22.43;16000;GPU;NA-TR-RE;1280x720
84.46;16000;CPU;AA-TR-NA;1440x900
3.03;4000;GPU;NA-NA-RE;1280x720
24.39;4000;CPU;AA-NA-NA;1280x720
28.14;65000;GPU;NA-TR-NA;1920x1080
89.92;65000;CPU;AA-NA-NA;1440x900
51.95;260000;CPU;NA-TR-NA;1280x720
4.94;1000;CPU;NA-TR-RE;1440x900
156.11;16000;CPU;AA-TR-RE;1920x1080
69.60;65000;CPU;AA-NA-NA;1280x720
4.51;16000;GPU;NA-NA-NA;1440x900
34.97;65000;CPU;NA-TR-RE;1280x720
256.43;260000;GPU;NA-TR-RE;1920x1080
49.36;65000;GPU;AA-NA-NA;1280x720
23.99;1000;CPU;AA-TR-RE;1440x900
14.77;4000;GPU;AA-TR-NA;1280x720
38.30;4000;CPU;AA-NA-RE;1440x900
4.45;16000;GPU;NA-NA-NA;1440x900
50.24;16000;GPU;AA-TR-NA;1440x900
5.51;4000;GPU;NA-TR-RE;1280x720
31.95;4000;GPU;AA-TR-RE;1440x900
54.61;16000;GPU;AA-NA-RE;1440x900
63.91;260000;CPU;NA-TR-NA;1440x900
4.59;1000;CPU;NA-TR-NA;1440x900
314.99;260000;CPU;AA-TR-NA;1440x900
213.21;260000;GPU;NA-TR-RE;1440x900
34.21;65000;GPU;NA-NA-RE;1920x1080
46.26;260000;CPU;NA-NA-NA;1440x900
1271.99;260000;GPU;AA-TR-RE;1920x1080
34.67;65000;CPU;NA-TR-NA;1920x1080
84.72;16000;CPU;AA-TR-NA;1440x900
11.75;16000;GPU;NA-TR-NA;1920x1080
31.93;4000;GPU;AA-TR-RE;1440x900
47.30;260000;GPU;NA-NA-NA;1440x900
5.44;1000;GPU;AA-NA-RE;1440x900
